degree_field,institution,graduation_cohort,median_earnings_5yr,graduate_count_5yr
Agricultural/Animal/Plant/Veterinary Science and Related Fields,North Carolina Agricultural and Technical State University,2001-2003,55464.0,40.0
"Communication, Journalism, and Related Programs",North Carolina Agricultural and Technical State University,2001-2003,46903.0,122.0
Computer and Information Sciences and Support Services,North Carolina Agricultural and Technical State University,2001-2003,93187.0,92.0
Education,North Carolina Agricultural and Technical State University,2001-2003,56544.0,104.0
Engineering,North Carolina Agricultural and Technical State University,2001-2003,86956.0,265.0
Engineering/Engineering-Related Technologies/Technicians,North Carolina Agricultural and Technical State University,2001-2003,66303.0,161.0
Family and Consumer Sciences/Human Sciences,North Carolina Agricultural and Technical State University,2001-2003,57867.0,60.0
English Language and Literature/Letters,North Carolina Agricultural and Technical State University,2001-2003,51223.0,32.0
Biological and Biomedical Sciences,North Carolina Agricultural and Technical State University,2001-2003,54051.0,30.0
Psychology,North Carolina Agricultural and Technical State University,2001-2003,45014.0,87.0
Public Administration and Social Service Professions,North Carolina Agricultural and Technical State University,2001-2003,45751.0,36.0
Social Sciences,North Carolina Agricultural and Technical State University,2001-2003,48487.0,55.0
Visual and Performing Arts,North Carolina Agricultural and Technical State University,2001-2003,47740.0,114.0
Health Professions and Related Programs,North Carolina Agricultural and Technical State University,2001-2003,79157.0,138.0
"Business, Management, Marketing, and Related Support Services",North Carolina Agricultural and Technical State University,2001-2003,59211.0,296.0
Agricultural/Animal/Plant/Veterinary Science and Related Fields,North Carolina Agricultural and Technical State University,2004-2006,51223.0,84.0
"Communication, Journalism, and Related Programs",North Carolina Agricultural and Technical State University,2004-2006,45433.0,144.0
Computer and Information Sciences and Support Services,North Carolina Agricultural and Technical State University,2004-2006,89458.0,93.0
Education,North Carolina Agricultural and Technical State University,2004-2006,55592.0,130.0
Engineering,North Carolina Agricultural and Technical State University,2004-2006,89077.0,315.0
Engineering/Engineering-Related Technologies/Technicians,North Carolina Agricultural and Technical State University,2004-2006,58264.0,195.0
Family and Consumer Sciences/Human Sciences,North Carolina Agricultural and Technical State University,2004-2006,45030.0,78.0
"Liberal Arts and Sciences, General Studies and Humanities",North Carolina Agricultural and Technical State University,2004-2006,40342.0,34.0
Biological and Biomedical Sciences,North Carolina Agricultural and Technical State University,2004-2006,47939.0,36.0
"Parks, Recreation, Leisure, Fitness, and Kinesiology",North Carolina Agricultural and Technical State University,2004-2006,44398.0,30.0
Psychology,North Carolina Agricultural and Technical State University,2004-2006,48487.0,162.0
Public Administration and Social Service Professions,North Carolina Agricultural and Technical State University,2004-2006,46746.0,66.0
Social Sciences,North Carolina Agricultural and Technical State University,2004-2006,50615.0,94.0
Visual and Performing Arts,North Carolina Agricultural and Technical State University,2004-2006,44478.0,152.0
Health Professions and Related Programs,North Carolina Agricultural and Technical State University,2004-2006,71212.0,163.0
"Business, Management, Marketing, and Related Support Services",North Carolina Agricultural and Technical State University,2004-2006,59037.0,374.0
Agricultural/Animal/Plant/Veterinary Science and Related Fields,North Carolina Agricultural and Technical State University,2007-2009,52508.0,89.0
"Communication, Journalism, and Related Programs",North Carolina Agricultural and Technical State University,2007-2009,44398.0,249.0
Computer and Information Sciences and Support Services,North Carolina Agricultural and Technical State University,2007-2009,96151.0,57.0
Education,North Carolina Agricultural and Technical State University,2007-2009,49906.0,113.0
Engineering,North Carolina Agricultural and Technical State University,2007-2009,84761.0,324.0
Engineering/Engineering-Related Technologies/Technicians,North Carolina Agricultural and Technical State University,2007-2009,70012.0,169.0
Family and Consumer Sciences/Human Sciences,North Carolina Agricultural and Technical State University,2007-2009,38795.0,103.0
English Language and Literature/Letters,North Carolina Agricultural and Technical State University,2007-2009,51627.0,47.0
"Liberal Arts and Sciences, General Studies and Humanities",North Carolina Agricultural and Technical State University,2007-2009,39967.0,149.0
Biological and Biomedical Sciences,North Carolina Agricultural and Technical State University,2007-2009,48238.0,70.0
"Parks, Recreation, Leisure, Fitness, and Kinesiology",North Carolina Agricultural and Technical State University,2007-2009,38438.0,103.0
Psychology,North Carolina Agricultural and Technical State University,2007-2009,43483.0,266.0
"Homeland Security, Law Enforcement, Firefighting and Related Protective Services",North Carolina Agricultural and Technical State University,2007-2009,47460.0,92.0
Public Administration and Social Service Professions,North Carolina Agricultural and Technical State University,2007-2009,46471.0,111.0
Social Sciences,North Carolina Agricultural and Technical State University,2007-2009,43407.0,107.0
Visual and Performing Arts,North Carolina Agricultural and Technical State University,2007-2009,39745.0,169.0
Health Professions and Related Programs,North Carolina Agricultural and Technical State University,2007-2009,74943.0,157.0
"Business, Management, Marketing, and Related Support Services",North Carolina Agricultural and Technical State University,2007-2009,53620.0,505.0
Agricultural/Animal/Plant/Veterinary Science and Related Fields,North Carolina Agricultural and Technical State University,2010-2012,50539.0,99.0
"Communication, Journalism, and Related Programs",North Carolina Agricultural and Technical State University,2010-2012,48487.0,250.0
Computer and Information Sciences and Support Services,North Carolina Agricultural and Technical State University,2010-2012,89880.0,73.0
Education,North Carolina Agricultural and Technical State University,2010-2012,52920.0,172.0
Engineering,North Carolina Agricultural and Technical State University,2010-2012,88143.0,393.0
Engineering/Engineering-Related Technologies/Technicians,North Carolina Agricultural and Technical State University,2010-2012,69384.0,211.0
Family and Consumer Sciences/Human Sciences,North Carolina Agricultural and Technical State University,2010-2012,45912.0,107.0
English Language and Literature/Letters,North Carolina Agricultural and Technical State University,2010-2012,43047.0,43.0
"Liberal Arts and Sciences, General Studies and Humanities",North Carolina Agricultural and Technical State University,2010-2012,42490.0,211.0
Biological and Biomedical Sciences,North Carolina Agricultural and Technical State University,2010-2012,43820.0,73.0
"Parks, Recreation, Leisure, Fitness, and Kinesiology",North Carolina Agricultural and Technical State University,2010-2012,46615.0,122.0
Psychology,North Carolina Agricultural and Technical State University,2010-2012,45149.0,206.0
"Homeland Security, Law Enforcement, Firefighting and Related Protective Services",North Carolina Agricultural and Technical State University,2010-2012,44849.0,89.0
Public Administration and Social Service Professions,North Carolina Agricultural and Technical State University,2010-2012,45557.0,95.0
Social Sciences,North Carolina Agricultural and Technical State University,2010-2012,44624.0,93.0
Visual and Performing Arts,North Carolina Agricultural and Technical State University,2010-2012,40568.0,119.0
Health Professions and Related Programs,North Carolina Agricultural and Technical State University,2010-2012,72848.0,142.0
"Business, Management, Marketing, and Related Support Services",North Carolina Agricultural and Technical State University,2010-2012,57101.0,456.0
History,North Carolina Agricultural and Technical State University,2010-2012,46663.0,39.0
Agricultural/Animal/Plant/Veterinary Science and Related Fields,North Carolina Agricultural and Technical State University,2013-2015,54615.0,112.0
"Communication, Journalism, and Related Programs",North Carolina Agricultural and Technical State University,2013-2015,46863.0,277.0
Computer and Information Sciences and Support Services,North Carolina Agricultural and Technical State University,2013-2015,90690.0,82.0
Education,North Carolina Agricultural and Technical State University,2013-2015,55464.0,122.0
Engineering,North Carolina Agricultural and Technical State University,2013-2015,87304.0,428.0
Engineering/Engineering-Related Technologies/Technicians,North Carolina Agricultural and Technical State University,2013-2015,71961.0,177.0
Family and Consumer Sciences/Human Sciences,North Carolina Agricultural and Technical State University,2013-2015,46402.0,123.0
"Liberal Arts and Sciences, General Studies and Humanities",North Carolina Agricultural and Technical State University,2013-2015,45571.0,248.0
Biological and Biomedical Sciences,North Carolina Agricultural and Technical State University,2013-2015,50050.0,81.0
"Parks, Recreation, Leisure, Fitness, and Kinesiology",North Carolina Agricultural and Technical State University,2013-2015,45903.0,157.0
Physical Sciences,North Carolina Agricultural and Technical State University,2013-2015,71728.0,35.0
Psychology,North Carolina Agricultural and Technical State University,2013-2015,44737.0,265.0
"Homeland Security, Law Enforcement, Firefighting and Related Protective Services",North Carolina Agricultural and Technical State University,2013-2015,46994.0,122.0
Public Administration and Social Service Professions,North Carolina Agricultural and Technical State University,2013-2015,47283.0,170.0
Social Sciences,North Carolina Agricultural and Technical State University,2013-2015,52165.0,150.0
Visual and Performing Arts,North Carolina Agricultural and Technical State University,2013-2015,47119.0,115.0
Health Professions and Related Programs,North Carolina Agricultural and Technical State University,2013-2015,73958.0,123.0
"Business, Management, Marketing, and Related Support Services",North Carolina Agricultural and Technical State University,2013-2015,63769.0,307.0
Agricultural/Animal/Plant/Veterinary Science and Related Fields,North Carolina Agricultural and Technical State University,2016-2018,48487.0,146.0
Architecture and Related Services,North Carolina Agricultural and Technical State University,2016-2018,57372.0,35.0
"Communication, Journalism, and Related Programs",North Carolina Agricultural and Technical State University,2016-2018,49659.0,326.0
Computer and Information Sciences and Support Services,North Carolina Agricultural and Technical State University,2016-2018,104142.0,107.0
Education,North Carolina Agricultural and Technical State University,2016-2018,59577.0,134.0
Engineering,North Carolina Agricultural and Technical State University,2016-2018,91112.0,469.0
Engineering/Engineering-Related Technologies/Technicians,North Carolina Agricultural and Technical State University,2016-2018,74030.0,201.0
Family and Consumer Sciences/Human Sciences,North Carolina Agricultural and Technical State University,2016-2018,45751.0,182.0
English Language and Literature/Letters,North Carolina Agricultural and Technical State University,2016-2018,41695.0,38.0
"Liberal Arts and Sciences, General Studies and Humanities",North Carolina Agricultural and Technical State University,2016-2018,48803.0,255.0
Biological and Biomedical Sciences,North Carolina Agricultural and Technical State University,2016-2018,56620.0,107.0
"Parks, Recreation, Leisure, Fitness, and Kinesiology",North Carolina Agricultural and Technical State University,2016-2018,46038.0,288.0
Psychology,North Carolina Agricultural and Technical State University,2016-2018,46891.0,244.0
"Homeland Security, Law Enforcement, Firefighting and Related Protective Services",North Carolina Agricultural and Technical State University,2016-2018,47435.0,216.0
Public Administration and Social Service Professions,North Carolina Agricultural and Technical State University,2016-2018,46870.0,163.0
Social Sciences,North Carolina Agricultural and Technical State University,2016-2018,53022.0,155.0
Visual and Performing Arts,North Carolina Agricultural and Technical State University,2016-2018,45075.0,119.0
Health Professions and Related Programs,North Carolina Agricultural and Technical State University,2016-2018,88036.0,149.0
"Business, Management, Marketing, and Related Support Services",North Carolina Agricultural and Technical State University,2016-2018,66514.0,367.0
"Communication, Journalism, and Related Programs",Appalachian State University,2001-2003,51700.0,536.0
Computer and Information Sciences and Support Services,Appalachian State University,2001-2003,73614.0,75.0
Education,Appalachian State University,2001-2003,53702.0,727.0
Engineering/Engineering-Related Technologies/Technicians,Appalachian State University,2001-2003,63061.0,137.0
"Foreign Languages, Literatures, and Linguistics",Appalachian State University,2001-2003,54051.0,45.0
Family and Consumer Sciences/Human Sciences,Appalachian State University,2001-2003,55789.0,71.0
English Language and Literature/Letters,Appalachian State University,2001-2003,46924.0,90.0
"Liberal Arts and Sciences, General Studies and Humanities",Appalachian State University,2001-2003,45751.0,44.0
Biological and Biomedical Sciences,Appalachian State University,2001-2003,49171.0,68.0
Mathematics and Statistics,Appalachian State University,2001-2003,64930.0,36.0
"Parks, Recreation, Leisure, Fitness, and Kinesiology",Appalachian State University,2001-2003,46903.0,166.0
Physical Sciences,Appalachian State University,2001-2003,56877.0,30.0
Psychology,Appalachian State University,2001-2003,47422.0,226.0
"Homeland Security, Law Enforcement, Firefighting and Related Protective Services",Appalachian State University,2001-2003,52685.0,133.0
Public Administration and Social Service Professions,Appalachian State University,2001-2003,51537.0,98.0
Social Sciences,Appalachian State University,2001-2003,52401.0,264.0
Visual and Performing Arts,Appalachian State University,2001-2003,52508.0,277.0
Health Professions and Related Programs,Appalachian State University,2001-2003,58197.0,198.0
"Business, Management, Marketing, and Related Support Services",Appalachian State University,2001-2003,66921.0,1292.0
History,Appalachian State University,2001-2003,43722.0,57.0
"Communication, Journalism, and Related Programs",Appalachian State University,2004-2006,49713.0,566.0
Computer and Information Sciences and Support Services,Appalachian State University,2004-2006,84706.0,75.0
Education,Appalachian State University,2004-2006,48474.0,1134.0
Engineering/Engineering-Related Technologies/Technicians,Appalachian State University,2004-2006,55228.0,173.0
"Foreign Languages, Literatures, and Linguistics",Appalachian State University,2004-2006,47939.0,64.0
Family and Consumer Sciences/Human Sciences,Appalachian State University,2004-2006,47435.0,90.0
English Language and Literature/Letters,Appalachian State University,2004-2006,45865.0,121.0
"Liberal Arts and Sciences, General Studies and Humanities",Appalachian State University,2004-2006,44398.0,51.0
Biological and Biomedical Sciences,Appalachian State University,2004-2006,53202.0,117.0
Mathematics and Statistics,Appalachian State University,2004-2006,60590.0,30.0
"Parks, Recreation, Leisure, Fitness, and Kinesiology",Appalachian State University,2004-2006,49319.0,220.0
Physical Sciences,Appalachian State University,2004-2006,69418.0,77.0
Psychology,Appalachian State University,2004-2006,46940.0,300.0
"Homeland Security, Law Enforcement, Firefighting and Related Protective Services",Appalachian State University,2004-2006,54703.0,200.0
Public Administration and Social Service Professions,Appalachian State University,2004-2006,51902.0,116.0
Social Sciences,Appalachian State University,2004-2006,50325.0,459.0
Visual and Performing Arts,Appalachian State University,2004-2006,45575.0,341.0
Health Professions and Related Programs,Appalachian State University,2004-2006,55024.0,199.0
"Business, Management, Marketing, and Related Support Services",Appalachian State University,2004-2006,65125.0,1568.0
History,Appalachian State University,2004-2006,42063.0,51.0
Architecture and Related Services,Appalachian State University,2007-2009,54051.0,41.0
"Communication, Journalism, and Related Programs",Appalachian State University,2007-2009,49707.0,598.0
Computer and Information Sciences and Support Services,Appalachian State University,2007-2009,81843.0,59.0
Education,Appalachian State University,2007-2009,45042.0,1261.0
Engineering/Engineering-Related Technologies/Technicians,Appalachian State University,2007-2009,54051.0,117.0
"Foreign Languages, Literatures, and Linguistics",Appalachian State University,2007-2009,46298.0,64.0
Family and Consumer Sciences/Human Sciences,Appalachian State University,2007-2009,45413.0,110.0
English Language and Literature/Letters,Appalachian State University,2007-2009,41635.0,149.0
"Liberal Arts and Sciences, General Studies and Humanities",Appalachian State University,2007-2009,45751.0,38.0
Biological and Biomedical Sciences,Appalachian State University,2007-2009,47510.0,119.0
Mathematics and Statistics,Appalachian State University,2007-2009,71899.0,32.0
"Parks, Recreation, Leisure, Fitness, and Kinesiology",Appalachian State University,2007-2009,47372.0,226.0
Physical Sciences,Appalachian State University,2007-2009,66918.0,112.0
Psychology,Appalachian State University,2007-2009,42813.0,365.0
"Homeland Security, Law Enforcement, Firefighting and Related Protective Services",Appalachian State University,2007-2009,48836.0,227.0
Public Administration and Social Service Professions,Appalachian State University,2007-2009,48919.0,126.0
Social Sciences,Appalachian State University,2007-2009,48487.0,457.0
Visual and Performing Arts,Appalachian State University,2007-2009,44828.0,394.0
Health Professions and Related Programs,Appalachian State University,2007-2009,58758.0,321.0
"Business, Management, Marketing, and Related Support Services",Appalachian State University,2007-2009,63318.0,1523.0
History,Appalachian State University,2007-2009,38967.0,83.0
Natural Resources and Conservation,Appalachian State University,2010-2012,39496.0,94.0
Architecture and Related Services,Appalachian State University,2010-2012,58998.0,47.0
"Communication, Journalism, and Related Programs",Appalachian State University,2010-2012,53169.0,600.0
Computer and Information Sciences and Support Services,Appalachian State University,2010-2012,89353.0,71.0
Education,Appalachian State University,2010-2012,49337.0,1435.0
Engineering/Engineering-Related Technologies/Technicians,Appalachian State University,2010-2012,55464.0,98.0
"Foreign Languages, Literatures, and Linguistics",Appalachian State University,2010-2012,46337.0,85.0
Family and Consumer Sciences/Human Sciences,Appalachian State University,2010-2012,46571.0,85.0
English Language and Literature/Letters,Appalachian State University,2010-2012,43635.0,182.0
Biological and Biomedical Sciences,Appalachian State University,2010-2012,54496.0,204.0
Mathematics and Statistics,Appalachian State University,2010-2012,60837.0,54.0
"Parks, Recreation, Leisure, Fitness, and Kinesiology",Appalachian State University,2010-2012,51638.0,381.0
Philosophy and Religious Studies,Appalachian State University,2010-2012,41695.0,44.0
Physical Sciences,Appalachian State University,2010-2012,63305.0,134.0
Psychology,Appalachian State University,2010-2012,47100.0,522.0
"Homeland Security, Law Enforcement, Firefighting and Related Protective Services",Appalachian State University,2010-2012,51956.0,324.0
Public Administration and Social Service Professions,Appalachian State University,2010-2012,48843.0,140.0
Social Sciences,Appalachian State University,2010-2012,52563.0,589.0
Visual and Performing Arts,Appalachian State University,2010-2012,48631.0,560.0
Health Professions and Related Programs,Appalachian State University,2010-2012,57294.0,492.0
"Business, Management, Marketing, and Related Support Services",Appalachian State University,2010-2012,68806.0,1758.0
History,Appalachian State University,2010-2012,49062.0,129.0
Natural Resources and Conservation,Appalachian State University,2013-2015,45427.0,187.0
"Communication, Journalism, and Related Programs",Appalachian State University,2013-2015,54242.0,585.0
Computer and Information Sciences and Support Services,Appalachian State University,2013-2015,103464.0,107.0
Education,Appalachian State University,2013-2015,50302.0,1219.0
Engineering/Engineering-Related Technologies/Technicians,Appalachian State University,2013-2015,65819.0,154.0
"Foreign Languages, Literatures, and Linguistics",Appalachian State University,2013-2015,51223.0,70.0
Family and Consumer Sciences/Human Sciences,Appalachian State University,2013-2015,49582.0,100.0
English Language and Literature/Letters,Appalachian State University,2013-2015,46593.0,154.0
"Liberal Arts and Sciences, General Studies and Humanities",Appalachian State University,2013-2015,39556.0,36.0
Biological and Biomedical Sciences,Appalachian State University,2013-2015,55564.0,281.0
Mathematics and Statistics,Appalachian State University,2013-2015,69154.0,54.0
Multi/Interdisciplinary Studies,Appalachian State University,2013-2015,47939.0,52.0
"Parks, Recreation, Leisure, Fitness, and Kinesiology",Appalachian State University,2013-2015,51828.0,574.0
Philosophy and Religious Studies,Appalachian State University,2013-2015,49582.0,41.0
Physical Sciences,Appalachian State University,2013-2015,65062.0,203.0
Psychology,Appalachian State University,2013-2015,48417.0,568.0
"Homeland Security, Law Enforcement, Firefighting and Related Protective Services",Appalachian State University,2013-2015,54187.0,357.0
Public Administration and Social Service Professions,Appalachian State University,2013-2015,49639.0,236.0
Social Sciences,Appalachian State University,2013-2015,55634.0,542.0
Visual and Performing Arts,Appalachian State University,2013-2015,50374.0,488.0
Health Professions and Related Programs,Appalachian State University,2013-2015,63511.0,856.0
"Business, Management, Marketing, and Related Support Services",Appalachian State University,2013-2015,74493.0,1693.0
History,Appalachian State University,2013-2015,44906.0,129.0
Agricultural/Animal/Plant/Veterinary Science and Related Fields,Appalachian State University,2016-2018,51223.0,58.0
Natural Resources and Conservation,Appalachian State University,2016-2018,48304.0,222.0
"Communication, Journalism, and Related Programs",Appalachian State University,2016-2018,54615.0,774.0
Computer and Information Sciences and Support Services,Appalachian State University,2016-2018,104864.0,170.0
Education,Appalachian State University,2016-2018,50412.0,1004.0
Engineering/Engineering-Related Technologies/Technicians,Appalachian State University,2016-2018,64226.0,138.0
"Foreign Languages, Literatures, and Linguistics",Appalachian State University,2016-2018,56877.0,78.0
Family and Consumer Sciences/Human Sciences,Appalachian State University,2016-2018,47346.0,109.0
English Language and Literature/Letters,Appalachian State University,2016-2018,43835.0,169.0
Biological and Biomedical Sciences,Appalachian State University,2016-2018,54135.0,360.0
Mathematics and Statistics,Appalachian State University,2016-2018,60219.0,73.0
"Parks, Recreation, Leisure, Fitness, and Kinesiology",Appalachian State University,2016-2018,51710.0,672.0
Philosophy and Religious Studies,Appalachian State University,2016-2018,42146.0,46.0
Physical Sciences,Appalachian State University,2016-2018,62956.0,235.0
Psychology,Appalachian State University,2016-2018,49792.0,524.0
"Homeland Security, Law Enforcement, Firefighting and Related Protective Services",Appalachian State University,2016-2018,53892.0,319.0
Public Administration and Social Service Professions,Appalachian State University,2016-2018,51851.0,202.0
Social Sciences,Appalachian State University,2016-2018,55650.0,533.0
Visual and Performing Arts,Appalachian State University,2016-2018,48997.0,524.0
Health Professions and Related Programs,Appalachian State University,2016-2018,65353.0,1160.0
"Business, Management, Marketing, and Related Support Services",Appalachian State University,2016-2018,76437.0,2100.0
History,Appalachian State University,2016-2018,42410.0,95.0
Natural Resources and Conservation,University of North Carolina  Asheville,2001-2003,43047.0,57.0
"Communication, Journalism, and Related Programs",University of North Carolina  Asheville,2001-2003,37041.0,30.0
Computer and Information Sciences and Support Services,University of North Carolina  Asheville,2001-2003,62075.0,83.0
"Foreign Languages, Literatures, and Linguistics",University of North Carolina  Asheville,2001-2003,45751.0,30.0
English Language and Literature/Letters,University of North Carolina  Asheville,2001-2003,46663.0,50.0
Biological and Biomedical Sciences,University of North Carolina  Asheville,2001-2003,50311.0,34.0
Physical Sciences,University of North Carolina  Asheville,2001-2003,55665.0,37.0
Psychology,University of North Carolina  Asheville,2001-2003,45895.0,133.0
Social Sciences,University of North Carolina  Asheville,2001-2003,50615.0,112.0
Visual and Performing Arts,University of North Carolina  Asheville,2001-2003,38416.0,69.0
"Business, Management, Marketing, and Related Support Services",University of North Carolina  Asheville,2001-2003,61431.0,127.0
History,University of North Carolina  Asheville,2001-2003,42596.0,37.0
Natural Resources and Conservation,University of North Carolina  Asheville,2004-2006,48487.0,76.0
"Communication, Journalism, and Related Programs",University of North Carolina  Asheville,2004-2006,41695.0,82.0
Computer and Information Sciences and Support Services,University of North Carolina  Asheville,2004-2006,63270.0,83.0
"Foreign Languages, Literatures, and Linguistics",University of North Carolina  Asheville,2004-2006,41544.0,54.0
English Language and Literature/Letters,University of North Carolina  Asheville,2004-2006,41357.0,67.0
"Liberal Arts and Sciences, General Studies and Humanities",University of North Carolina  Asheville,2004-2006,36674.0,34.0
Biological and Biomedical Sciences,University of North Carolina  Asheville,2004-2006,46359.0,42.0
Mathematics and Statistics,University of North Carolina  Asheville,2004-2006,51223.0,48.0
Physical Sciences,University of North Carolina  Asheville,2004-2006,69154.0,30.0
Psychology,University of North Carolina  Asheville,2004-2006,43987.0,155.0
Social Sciences,University of North Carolina  Asheville,2004-2006,45260.0,90.0
Visual and Performing Arts,University of North Carolina  Asheville,2004-2006,41019.0,90.0
"Business, Management, Marketing, and Related Support Services",University of North Carolina  Asheville,2004-2006,58704.0,158.0
History,University of North Carolina  Asheville,2004-2006,47878.0,59.0
Natural Resources and Conservation,University of North Carolina  Asheville,2007-2009,48291.0,75.0
"Communication, Journalism, and Related Programs",University of North Carolina  Asheville,2007-2009,49627.0,67.0
Computer and Information Sciences and Support Services,University of North Carolina  Asheville,2007-2009,54051.0,72.0
"Foreign Languages, Literatures, and Linguistics",University of North Carolina  Asheville,2007-2009,40342.0,52.0
English Language and Literature/Letters,University of North Carolina  Asheville,2007-2009,34840.0,96.0
Biological and Biomedical Sciences,University of North Carolina  Asheville,2007-2009,45300.0,61.0
Mathematics and Statistics,University of North Carolina  Asheville,2007-2009,50129.0,48.0
Physical Sciences,University of North Carolina  Asheville,2007-2009,43047.0,49.0
Psychology,University of North Carolina  Asheville,2007-2009,42220.0,189.0
Social Sciences,University of North Carolina  Asheville,2007-2009,43948.0,158.0
Visual and Performing Arts,University of North Carolina  Asheville,2007-2009,37446.0,134.0
Health Professions and Related Programs,University of North Carolina  Asheville,2007-2009,43722.0,53.0
"Business, Management, Marketing, and Related Support Services",University of North Carolina  Asheville,2007-2009,54382.0,145.0
History,University of North Carolina  Asheville,2007-2009,41695.0,63.0
Natural Resources and Conservation,University of North Carolina  Asheville,2010-2012,44624.0,89.0
"Communication, Journalism, and Related Programs",University of North Carolina  Asheville,2010-2012,43647.0,81.0
Computer and Information Sciences and Support Services,University of North Carolina  Asheville,2010-2012,61167.0,79.0
"Foreign Languages, Literatures, and Linguistics",University of North Carolina  Asheville,2010-2012,44249.0,86.0
English Language and Literature/Letters,University of North Carolina  Asheville,2010-2012,47574.0,100.0
"Liberal Arts and Sciences, General Studies and Humanities",University of North Carolina  Asheville,2010-2012,41424.0,44.0
Biological and Biomedical Sciences,University of North Carolina  Asheville,2010-2012,49464.0,59.0
Mathematics and Statistics,University of North Carolina  Asheville,2010-2012,57334.0,58.0
Philosophy and Religious Studies,University of North Carolina  Asheville,2010-2012,43722.0,35.0
Physical Sciences,University of North Carolina  Asheville,2010-2012,40342.0,44.0
Psychology,University of North Carolina  Asheville,2010-2012,46593.0,192.0
Social Sciences,University of North Carolina  Asheville,2010-2012,47802.0,154.0
Visual and Performing Arts,University of North Carolina  Asheville,2010-2012,35487.0,130.0
Health Professions and Related Programs,University of North Carolina  Asheville,2010-2012,49855.0,107.0
"Business, Management, Marketing, and Related Support Services",University of North Carolina  Asheville,2010-2012,59291.0,143.0
History,University of North Carolina  Asheville,2010-2012,42746.0,70.0
Natural Resources and Conservation,University of North Carolina  Asheville,2013-2015,46924.0,120.0
"Communication, Journalism, and Related Programs",University of North Carolina  Asheville,2013-2015,43433.0,82.0
Computer and Information Sciences and Support Services,University of North Carolina  Asheville,2013-2015,64930.0,82.0
"Foreign Languages, Literatures, and Linguistics",University of North Carolina  Asheville,2013-2015,41154.0,61.0
English Language and Literature/Letters,University of North Carolina  Asheville,2013-2015,41187.0,83.0
"Liberal Arts and Sciences, General Studies and Humanities",University of North Carolina  Asheville,2013-2015,44206.0,76.0
Biological and Biomedical Sciences,University of North Carolina  Asheville,2013-2015,54993.0,74.0
Mathematics and Statistics,University of North Carolina  Asheville,2013-2015,54051.0,57.0
Philosophy and Religious Studies,University of North Carolina  Asheville,2013-2015,40342.0,32.0
Physical Sciences,University of North Carolina  Asheville,2013-2015,56563.0,71.0
Psychology,University of North Carolina  Asheville,2013-2015,46797.0,211.0
Social Sciences,University of North Carolina  Asheville,2013-2015,43216.0,153.0
Visual and Performing Arts,University of North Carolina  Asheville,2013-2015,34449.0,160.0
Health Professions and Related Programs,University of North Carolina  Asheville,2013-2015,54051.0,98.0
"Business, Management, Marketing, and Related Support Services",University of North Carolina  Asheville,2013-2015,67664.0,154.0
History,University of North Carolina  Asheville,2013-2015,47013.0,76.0
Natural Resources and Conservation,University of North Carolina  Asheville,2016-2018,45324.0,133.0
"Communication, Journalism, and Related Programs",University of North Carolina  Asheville,2016-2018,44249.0,99.0
Computer and Information Sciences and Support Services,University of North Carolina  Asheville,2016-2018,89353.0,65.0
Engineering,University of North Carolina  Asheville,2016-2018,90301.0,58.0
"Foreign Languages, Literatures, and Linguistics",University of North Carolina  Asheville,2016-2018,41501.0,43.0
English Language and Literature/Letters,University of North Carolina  Asheville,2016-2018,41382.0,107.0
"Liberal Arts and Sciences, General Studies and Humanities",University of North Carolina  Asheville,2016-2018,49171.0,46.0
Biological and Biomedical Sciences,University of North Carolina  Asheville,2016-2018,51223.0,94.0
Mathematics and Statistics,University of North Carolina  Asheville,2016-2018,59848.0,63.0
Physical Sciences,University of North Carolina  Asheville,2016-2018,59105.0,91.0
Psychology,University of North Carolina  Asheville,2016-2018,45230.0,189.0
Social Sciences,University of North Carolina  Asheville,2016-2018,47119.0,180.0
Visual and Performing Arts,University of North Carolina  Asheville,2016-2018,40858.0,236.0
Health Professions and Related Programs,University of North Carolina  Asheville,2016-2018,50007.0,106.0
"Business, Management, Marketing, and Related Support Services",University of North Carolina  Asheville,2016-2018,62818.0,176.0
History,University of North Carolina  Asheville,2016-2018,46024.0,55.0
"Communication, Journalism, and Related Programs",East Carolina University,2001-2003,53405.0,404.0
Computer and Information Sciences and Support Services,East Carolina University,2001-2003,76015.0,76.0
Education,East Carolina University,2001-2003,55098.0,718.0
Engineering/Engineering-Related Technologies/Technicians,East Carolina University,2001-2003,77377.0,385.0
Family and Consumer Sciences/Human Sciences,East Carolina University,2001-2003,50881.0,208.0
English Language and Literature/Letters,East Carolina University,2001-2003,50265.0,113.0
Biological and Biomedical Sciences,East Carolina University,2001-2003,63705.0,297.0
"Parks, Recreation, Leisure, Fitness, and Kinesiology",East Carolina University,2001-2003,51694.0,165.0
Physical Sciences,East Carolina University,2001-2003,67394.0,73.0
Psychology,East Carolina University,2001-2003,50881.0,242.0
"Homeland Security, Law Enforcement, Firefighting and Related Protective Services",East Carolina University,2001-2003,53578.0,131.0
Public Administration and Social Service Professions,East Carolina University,2001-2003,52920.0,104.0
Social Sciences,East Carolina University,2001-2003,56540.0,377.0
Visual and Performing Arts,East Carolina University,2001-2003,46692.0,275.0
Health Professions and Related Programs,East Carolina University,2001-2003,74393.0,861.0
"Business, Management, Marketing, and Related Support Services",East Carolina University,2001-2003,64114.0,1125.0
History,East Carolina University,2001-2003,47119.0,48.0
Architecture and Related Services,East Carolina University,2004-2006,61969.0,30.0
"Communication, Journalism, and Related Programs",East Carolina University,2004-2006,52241.0,558.0
Computer and Information Sciences and Support Services,East Carolina University,2004-2006,80540.0,76.0
Education,East Carolina University,2004-2006,49476.0,983.0
Engineering/Engineering-Related Technologies/Technicians,East Carolina University,2004-2006,73820.0,600.0
"Foreign Languages, Literatures, and Linguistics",East Carolina University,2004-2006,65669.0,39.0
Family and Consumer Sciences/Human Sciences,East Carolina University,2004-2006,48354.0,381.0
English Language and Literature/Letters,East Carolina University,2004-2006,47119.0,137.0
Biological and Biomedical Sciences,East Carolina University,2004-2006,59586.0,393.0
"Parks, Recreation, Leisure, Fitness, and Kinesiology",East Carolina University,2004-2006,50628.0,167.0
Physical Sciences,East Carolina University,2004-2006,62620.0,93.0
Psychology,East Carolina University,2004-2006,49269.0,268.0
"Homeland Security, Law Enforcement, Firefighting and Related Protective Services",East Carolina University,2004-2006,53167.0,167.0
Public Administration and Social Service Professions,East Carolina University,2004-2006,51493.0,124.0
Social Sciences,East Carolina University,2004-2006,51172.0,421.0
Visual and Performing Arts,East Carolina University,2004-2006,44785.0,288.0
Health Professions and Related Programs,East Carolina University,2004-2006,67797.0,1075.0
"Business, Management, Marketing, and Related Support Services",East Carolina University,2004-2006,61874.0,1268.0
History,East Carolina University,2004-2006,45210.0,79.0
Architecture and Related Services,East Carolina University,2007-2009,49855.0,42.0
"Communication, Journalism, and Related Programs",East Carolina University,2007-2009,48756.0,577.0
Computer and Information Sciences and Support Services,East Carolina University,2007-2009,77044.0,113.0
Education,East Carolina University,2007-2009,46024.0,1311.0
Engineering,East Carolina University,2007-2009,86717.0,39.0
Engineering/Engineering-Related Technologies/Technicians,East Carolina University,2007-2009,72677.0,718.0
Family and Consumer Sciences/Human Sciences,East Carolina University,2007-2009,45480.0,416.0
English Language and Literature/Letters,East Carolina University,2007-2009,42709.0,136.0
Biological and Biomedical Sciences,East Carolina University,2007-2009,58319.0,357.0
"Parks, Recreation, Leisure, Fitness, and Kinesiology",East Carolina University,2007-2009,47453.0,278.0
Physical Sciences,East Carolina University,2007-2009,60059.0,107.0
Psychology,East Carolina University,2007-2009,45579.0,295.0
"Homeland Security, Law Enforcement, Firefighting and Related Protective Services",East Carolina University,2007-2009,49703.0,233.0
Public Administration and Social Service Professions,East Carolina University,2007-2009,51675.0,108.0
Social Sciences,East Carolina University,2007-2009,48243.0,439.0
Visual and Performing Arts,East Carolina University,2007-2009,44959.0,286.0
Health Professions and Related Programs,East Carolina University,2007-2009,63594.0,1412.0
"Business, Management, Marketing, and Related Support Services",East Carolina University,2007-2009,60484.0,1436.0
History,East Carolina University,2007-2009,46606.0,93.0
Architecture and Related Services,East Carolina University,2010-2012,62075.0,32.0
"Communication, Journalism, and Related Programs",East Carolina University,2010-2012,56828.0,651.0
Computer and Information Sciences and Support Services,East Carolina University,2010-2012,93789.0,146.0
Education,East Carolina University,2010-2012,50587.0,1284.0
Engineering,East Carolina University,2010-2012,90020.0,75.0
Engineering/Engineering-Related Technologies/Technicians,East Carolina University,2010-2012,77424.0,752.0
"Foreign Languages, Literatures, and Linguistics",East Carolina University,2010-2012,52636.0,49.0
Family and Consumer Sciences/Human Sciences,East Carolina University,2010-2012,48280.0,397.0
English Language and Literature/Letters,East Carolina University,2010-2012,47435.0,154.0
"Liberal Arts and Sciences, General Studies and Humanities",East Carolina University,2010-2012,44398.0,50.0
Biological and Biomedical Sciences,East Carolina University,2010-2012,61303.0,540.0
Mathematics and Statistics,East Carolina University,2010-2012,53536.0,39.0
"Parks, Recreation, Leisure, Fitness, and Kinesiology",East Carolina University,2010-2012,52022.0,357.0
Philosophy and Religious Studies,East Carolina University,2010-2012,54051.0,30.0
Physical Sciences,East Carolina University,2010-2012,65377.0,169.0
Psychology,East Carolina University,2010-2012,50034.0,350.0
"Homeland Security, Law Enforcement, Firefighting and Related Protective Services",East Carolina University,2010-2012,54365.0,328.0
Public Administration and Social Service Professions,East Carolina University,2010-2012,48690.0,165.0
Social Sciences,East Carolina University,2010-2012,55027.0,516.0
Visual and Performing Arts,East Carolina University,2010-2012,48165.0,340.0
Health Professions and Related Programs,East Carolina University,2010-2012,65408.0,1697.0
"Business, Management, Marketing, and Related Support Services",East Carolina University,2010-2012,65234.0,1869.0
History,East Carolina University,2010-2012,44319.0,87.0
Architecture and Related Services,East Carolina University,2013-2015,64718.0,31.0
"Communication, Journalism, and Related Programs",East Carolina University,2013-2015,60856.0,565.0
Computer and Information Sciences and Support Services,East Carolina University,2013-2015,92948.0,175.0
Education,East Carolina University,2013-2015,52151.0,1219.0
Engineering,East Carolina University,2013-2015,92810.0,172.0
Engineering/Engineering-Related Technologies/Technicians,East Carolina University,2013-2015,85856.0,596.0
"Foreign Languages, Literatures, and Linguistics",East Carolina University,2013-2015,56249.0,70.0
Family and Consumer Sciences/Human Sciences,East Carolina University,2013-2015,48372.0,380.0
English Language and Literature/Letters,East Carolina University,2013-2015,52031.0,162.0
"Liberal Arts and Sciences, General Studies and Humanities",East Carolina University,2013-2015,52354.0,176.0
Biological and Biomedical Sciences,East Carolina University,2013-2015,61202.0,571.0
Mathematics and Statistics,East Carolina University,2013-2015,55699.0,49.0
"Parks, Recreation, Leisure, Fitness, and Kinesiology",East Carolina University,2013-2015,50524.0,396.0
Philosophy and Religious Studies,East Carolina University,2013-2015,50539.0,35.0
Physical Sciences,East Carolina University,2013-2015,61827.0,195.0
Psychology,East Carolina University,2013-2015,50740.0,457.0
"Homeland Security, Law Enforcement, Firefighting and Related Protective Services",East Carolina University,2013-2015,53707.0,418.0
Public Administration and Social Service Professions,East Carolina University,2013-2015,51114.0,181.0
Social Sciences,East Carolina University,2013-2015,57822.0,545.0
Visual and Performing Arts,East Carolina University,2013-2015,48182.0,342.0
Health Professions and Related Programs,East Carolina University,2013-2015,66509.0,1948.0
"Business, Management, Marketing, and Related Support Services",East Carolina University,2013-2015,69019.0,1887.0
History,East Carolina University,2013-2015,53141.0,135.0
"Communication, Journalism, and Related Programs",East Carolina University,2016-2018,61569.0,693.0
Computer and Information Sciences and Support Services,East Carolina University,2016-2018,94075.0,210.0
Education,East Carolina University,2016-2018,53167.0,899.0
Engineering,East Carolina University,2016-2018,87772.0,265.0
Engineering/Engineering-Related Technologies/Technicians,East Carolina University,2016-2018,87501.0,711.0
"Foreign Languages, Literatures, and Linguistics",East Carolina University,2016-2018,56563.0,79.0
Family and Consumer Sciences/Human Sciences,East Carolina University,2016-2018,50767.0,333.0
English Language and Literature/Letters,East Carolina University,2016-2018,46480.0,98.0
"Liberal Arts and Sciences, General Studies and Humanities",East Carolina University,2016-2018,52793.0,597.0
Biological and Biomedical Sciences,East Carolina University,2016-2018,65326.0,647.0
Mathematics and Statistics,East Carolina University,2016-2018,59848.0,43.0
"Parks, Recreation, Leisure, Fitness, and Kinesiology",East Carolina University,2016-2018,51348.0,408.0
Physical Sciences,East Carolina University,2016-2018,65141.0,227.0
Psychology,East Carolina University,2016-2018,49261.0,480.0
"Homeland Security, Law Enforcement, Firefighting and Related Protective Services",East Carolina University,2016-2018,54933.0,444.0
Public Administration and Social Service Professions,East Carolina University,2016-2018,53343.0,183.0
Social Sciences,East Carolina University,2016-2018,58970.0,583.0
Visual and Performing Arts,East Carolina University,2016-2018,45644.0,374.0
Health Professions and Related Programs,East Carolina University,2016-2018,67219.0,2199.0
"Business, Management, Marketing, and Related Support Services",East Carolina University,2016-2018,72460.0,2276.0
History,East Carolina University,2016-2018,55335.0,90.0
Computer and Information Sciences and Support Services,Elizabeth City State University,2001-2003,51223.0,36.0
Education,Elizabeth City State University,2001-2003,51424.0,47.0
English Language and Literature/Letters,Elizabeth City State University,2001-2003,38692.0,45.0
Biological and Biomedical Sciences,Elizabeth City State University,2001-2003,47119.0,44.0
Psychology,Elizabeth City State University,2001-2003,44398.0,33.0
"Homeland Security, Law Enforcement, Firefighting and Related Protective Services",Elizabeth City State University,2001-2003,45751.0,94.0
Social Sciences,Elizabeth City State University,2001-2003,48182.0,64.0
Visual and Performing Arts,Elizabeth City State University,2001-2003,36215.0,31.0
"Business, Management, Marketing, and Related Support Services",Elizabeth City State University,2001-2003,48004.0,106.0
Computer and Information Sciences and Support Services,Elizabeth City State University,2004-2006,54993.0,38.0
Education,Elizabeth City State University,2004-2006,48238.0,60.0
Biological and Biomedical Sciences,Elizabeth City State University,2004-2006,43722.0,49.0
"Homeland Security, Law Enforcement, Firefighting and Related Protective Services",Elizabeth City State University,2004-2006,46606.0,83.0
Public Administration and Social Service Professions,Elizabeth City State University,2004-2006,48487.0,42.0
Social Sciences,Elizabeth City State University,2004-2006,45075.0,49.0
"Business, Management, Marketing, and Related Support Services",Elizabeth City State University,2004-2006,48144.0,181.0
"Communication, Journalism, and Related Programs",Elizabeth City State University,2007-2009,39655.0,37.0
Computer and Information Sciences and Support Services,Elizabeth City State University,2007-2009,51223.0,36.0
Education,Elizabeth City State University,2007-2009,44737.0,161.0
English Language and Literature/Letters,Elizabeth City State University,2007-2009,41019.0,40.0
Biological and Biomedical Sciences,Elizabeth City State University,2007-2009,44129.0,50.0
Psychology,Elizabeth City State University,2007-2009,34840.0,34.0
"Homeland Security, Law Enforcement, Firefighting and Related Protective Services",Elizabeth City State University,2007-2009,39655.0,82.0
Public Administration and Social Service Professions,Elizabeth City State University,2007-2009,43047.0,48.0
Social Sciences,Elizabeth City State University,2007-2009,38623.0,65.0
Visual and Performing Arts,Elizabeth City State University,2007-2009,44669.0,34.0
"Business, Management, Marketing, and Related Support Services",Elizabeth City State University,2007-2009,42410.0,197.0
"Communication, Journalism, and Related Programs",Elizabeth City State University,2010-2012,41424.0,32.0
Education,Elizabeth City State University,2010-2012,47444.0,184.0
English Language and Literature/Letters,Elizabeth City State University,2010-2012,38967.0,55.0
Biological and Biomedical Sciences,Elizabeth City State University,2010-2012,47119.0,69.0
Psychology,Elizabeth City State University,2010-2012,44849.0,39.0
"Homeland Security, Law Enforcement, Firefighting and Related Protective Services",Elizabeth City State University,2010-2012,39119.0,106.0
Public Administration and Social Service Professions,Elizabeth City State University,2010-2012,38377.0,68.0
Social Sciences,Elizabeth City State University,2010-2012,41844.0,67.0
Visual and Performing Arts,Elizabeth City State University,2010-2012,38509.0,32.0
"Business, Management, Marketing, and Related Support Services",Elizabeth City State University,2010-2012,40883.0,211.0
"Communication, Journalism, and Related Programs",Elizabeth City State University,2013-2015,39655.0,43.0
Education,Elizabeth City State University,2013-2015,48570.0,146.0
English Language and Literature/Letters,Elizabeth City State University,2013-2015,41695.0,57.0
Biological and Biomedical Sciences,Elizabeth City State University,2013-2015,49659.0,74.0
Physical Sciences,Elizabeth City State University,2013-2015,42235.0,31.0
Psychology,Elizabeth City State University,2013-2015,38623.0,55.0
"Homeland Security, Law Enforcement, Firefighting and Related Protective Services",Elizabeth City State University,2013-2015,44488.0,99.0
Public Administration and Social Service Professions,Elizabeth City State University,2013-2015,50767.0,55.0
Social Sciences,Elizabeth City State University,2013-2015,43722.0,78.0
Transportation and Materials Moving,Elizabeth City State University,2013-2015,50767.0,39.0
Visual and Performing Arts,Elizabeth City State University,2013-2015,35686.0,42.0
"Business, Management, Marketing, and Related Support Services",Elizabeth City State University,2013-2015,47892.0,168.0
Education,Elizabeth City State University,2016-2018,50083.0,67.0
Biological and Biomedical Sciences,Elizabeth City State University,2016-2018,51223.0,54.0
"Homeland Security, Law Enforcement, Firefighting and Related Protective Services",Elizabeth City State University,2016-2018,49482.0,67.0
Public Administration and Social Service Professions,Elizabeth City State University,2016-2018,44737.0,33.0
Social Sciences,Elizabeth City State University,2016-2018,40037.0,35.0
Visual and Performing Arts,Elizabeth City State University,2016-2018,46207.0,35.0
"Business, Management, Marketing, and Related Support Services",Elizabeth City State University,2016-2018,47435.0,100.0
Computer and Information Sciences and Support Services,Fayetteville State University,2001-2003,69154.0,58.0
Education,Fayetteville State University,2001-2003,55111.0,132.0
English Language and Literature/Letters,Fayetteville State University,2001-2003,48943.0,35.0
Biological and Biomedical Sciences,Fayetteville State University,2001-2003,48878.0,62.0
Psychology,Fayetteville State University,2001-2003,50493.0,94.0
"Homeland Security, Law Enforcement, Firefighting and Related Protective Services",Fayetteville State University,2001-2003,46402.0,135.0
Social Sciences,Fayetteville State University,2001-2003,49855.0,159.0
Visual and Performing Arts,Fayetteville State University,2001-2003,43047.0,39.0
"Business, Management, Marketing, and Related Support Services",Fayetteville State University,2001-2003,52322.0,253.0
History,Fayetteville State University,2001-2003,52460.0,99.0
Computer and Information Sciences and Support Services,Fayetteville State University,2004-2006,54993.0,30.0
Education,Fayetteville State University,2004-2006,49946.0,203.0
English Language and Literature/Letters,Fayetteville State University,2004-2006,46298.0,43.0
Biological and Biomedical Sciences,Fayetteville State University,2004-2006,47119.0,55.0
Psychology,Fayetteville State University,2004-2006,47911.0,141.0
"Homeland Security, Law Enforcement, Firefighting and Related Protective Services",Fayetteville State University,2004-2006,47283.0,180.0
Social Sciences,Fayetteville State University,2004-2006,44012.0,184.0
Visual and Performing Arts,Fayetteville State University,2004-2006,41244.0,64.0
Health Professions and Related Programs,Fayetteville State University,2004-2006,92948.0,33.0
"Business, Management, Marketing, and Related Support Services",Fayetteville State University,2004-2006,49433.0,279.0
History,Fayetteville State University,2004-2006,46728.0,105.0
"Communication, Journalism, and Related Programs",Fayetteville State University,2007-2009,34840.0,32.0
Education,Fayetteville State University,2007-2009,44129.0,249.0
Biological and Biomedical Sciences,Fayetteville State University,2007-2009,44978.0,54.0
Psychology,Fayetteville State University,2007-2009,44711.0,192.0
"Homeland Security, Law Enforcement, Firefighting and Related Protective Services",Fayetteville State University,2007-2009,44093.0,231.0
Social Sciences,Fayetteville State University,2007-2009,40759.0,188.0
Visual and Performing Arts,Fayetteville State University,2007-2009,46435.0,33.0
Health Professions and Related Programs,Fayetteville State University,2007-2009,72384.0,102.0
"Business, Management, Marketing, and Related Support Services",Fayetteville State University,2007-2009,46055.0,232.0
History,Fayetteville State University,2007-2009,42081.0,73.0
"Communication, Journalism, and Related Programs",Fayetteville State University,2010-2012,43347.0,66.0
Education,Fayetteville State University,2010-2012,48617.0,240.0
English Language and Literature/Letters,Fayetteville State University,2010-2012,48487.0,38.0
Biological and Biomedical Sciences,Fayetteville State University,2010-2012,50050.0,79.0
Psychology,Fayetteville State University,2010-2012,42942.0,273.0
"Homeland Security, Law Enforcement, Firefighting and Related Protective Services",Fayetteville State University,2010-2012,47821.0,330.0
Social Sciences,Fayetteville State University,2010-2012,40960.0,256.0
Visual and Performing Arts,Fayetteville State University,2010-2012,38967.0,45.0
Health Professions and Related Programs,Fayetteville State University,2010-2012,86981.0,101.0
"Business, Management, Marketing, and Related Support Services",Fayetteville State University,2010-2012,48715.0,359.0
History,Fayetteville State University,2010-2012,46663.0,45.0
"Communication, Journalism, and Related Programs",Fayetteville State University,2013-2015,42467.0,81.0
Education,Fayetteville State University,2013-2015,49438.0,188.0
"Liberal Arts and Sciences, General Studies and Humanities",Fayetteville State University,2013-2015,46093.0,72.0
Biological and Biomedical Sciences,Fayetteville State University,2013-2015,49582.0,70.0
Psychology,Fayetteville State University,2013-2015,46702.0,250.0
"Homeland Security, Law Enforcement, Firefighting and Related Protective Services",Fayetteville State University,2013-2015,48840.0,315.0
Public Administration and Social Service Professions,Fayetteville State University,2013-2015,50767.0,53.0
Social Sciences,Fayetteville State University,2013-2015,44048.0,173.0
Visual and Performing Arts,Fayetteville State University,2013-2015,34840.0,44.0
Health Professions and Related Programs,Fayetteville State University,2013-2015,91987.0,242.0
"Business, Management, Marketing, and Related Support Services",Fayetteville State University,2013-2015,50425.0,332.0
"Communication, Journalism, and Related Programs",Fayetteville State University,2016-2018,43047.0,51.0
Computer and Information Sciences and Support Services,Fayetteville State University,2016-2018,65986.0,39.0
Education,Fayetteville State University,2016-2018,51737.0,100.0
"Liberal Arts and Sciences, General Studies and Humanities",Fayetteville State University,2016-2018,48096.0,108.0
Biological and Biomedical Sciences,Fayetteville State University,2016-2018,53444.0,111.0
Psychology,Fayetteville State University,2016-2018,45244.0,256.0
"Homeland Security, Law Enforcement, Firefighting and Related Protective Services",Fayetteville State University,2016-2018,56449.0,317.0
Public Administration and Social Service Professions,Fayetteville State University,2016-2018,49000.0,115.0
Social Sciences,Fayetteville State University,2016-2018,50070.0,110.0
Visual and Performing Arts,Fayetteville State University,2016-2018,34840.0,34.0
Health Professions and Related Programs,Fayetteville State University,2016-2018,86306.0,490.0
"Business, Management, Marketing, and Related Support Services",Fayetteville State University,2016-2018,52527.0,270.0
Education,North Carolina Central University,2001-2003,56743.0,101.0
Family and Consumer Sciences/Human Sciences,North Carolina Central University,2001-2003,47631.0,67.0
English Language and Literature/Letters,North Carolina Central University,2001-2003,47119.0,46.0
Biological and Biomedical Sciences,North Carolina Central University,2001-2003,53343.0,61.0
"Parks, Recreation, Leisure, Fitness, and Kinesiology",North Carolina Central University,2001-2003,51223.0,44.0
Psychology,North Carolina Central University,2001-2003,48682.0,83.0
"Homeland Security, Law Enforcement, Firefighting and Related Protective Services",North Carolina Central University,2001-2003,50831.0,88.0
Public Administration and Social Service Professions,North Carolina Central University,2001-2003,58497.0,34.0
Social Sciences,North Carolina Central University,2001-2003,50767.0,136.0
Visual and Performing Arts,North Carolina Central University,2001-2003,42371.0,34.0
Health Professions and Related Programs,North Carolina Central University,2001-2003,83557.0,138.0
"Business, Management, Marketing, and Related Support Services",North Carolina Central University,2001-2003,54333.0,248.0
History,North Carolina Central University,2001-2003,47392.0,33.0
"Communication, Journalism, and Related Programs",North Carolina Central University,2004-2006,51480.0,61.0
Computer and Information Sciences and Support Services,North Carolina Central University,2004-2006,57867.0,53.0
Education,North Carolina Central University,2004-2006,51761.0,152.0
Family and Consumer Sciences/Human Sciences,North Carolina Central University,2004-2006,43948.0,110.0
Biological and Biomedical Sciences,North Carolina Central University,2004-2006,57301.0,51.0
"Parks, Recreation, Leisure, Fitness, and Kinesiology",North Carolina Central University,2004-2006,52071.0,71.0
Psychology,North Carolina Central University,2004-2006,43616.0,99.0
"Homeland Security, Law Enforcement, Firefighting and Related Protective Services",North Carolina Central University,2004-2006,46093.0,144.0
Public Administration and Social Service Professions,North Carolina Central University,2004-2006,52963.0,64.0
Social Sciences,North Carolina Central University,2004-2006,46621.0,179.0
Visual and Performing Arts,North Carolina Central University,2004-2006,40342.0,60.0
Health Professions and Related Programs,North Carolina Central University,2004-2006,75525.0,146.0
"Business, Management, Marketing, and Related Support Services",North Carolina Central University,2004-2006,50907.0,309.0
History,North Carolina Central University,2004-2006,45075.0,61.0
"Communication, Journalism, and Related Programs",North Carolina Central University,2007-2009,40793.0,102.0
Computer and Information Sciences and Support Services,North Carolina Central University,2007-2009,74301.0,52.0
Education,North Carolina Central University,2007-2009,48624.0,158.0
Family and Consumer Sciences/Human Sciences,North Carolina Central University,2007-2009,38967.0,152.0
English Language and Literature/Letters,North Carolina Central University,2007-2009,35757.0,33.0
Biological and Biomedical Sciences,North Carolina Central University,2007-2009,53735.0,80.0
"Parks, Recreation, Leisure, Fitness, and Kinesiology",North Carolina Central University,2007-2009,45571.0,79.0
Psychology,North Carolina Central University,2007-2009,41559.0,119.0
"Homeland Security, Law Enforcement, Firefighting and Related Protective Services",North Carolina Central University,2007-2009,46093.0,189.0
Public Administration and Social Service Professions,North Carolina Central University,2007-2009,45300.0,54.0
Social Sciences,North Carolina Central University,2007-2009,42295.0,171.0
Visual and Performing Arts,North Carolina Central University,2007-2009,38279.0,53.0
Health Professions and Related Programs,North Carolina Central University,2007-2009,70057.0,211.0
"Business, Management, Marketing, and Related Support Services",North Carolina Central University,2007-2009,47734.0,323.0
History,North Carolina Central University,2007-2009,38141.0,38.0
"Communication, Journalism, and Related Programs",North Carolina Central University,2010-2012,44549.0,94.0
Computer and Information Sciences and Support Services,North Carolina Central University,2010-2012,59517.0,66.0
Education,North Carolina Central University,2010-2012,54203.0,107.0
Family and Consumer Sciences/Human Sciences,North Carolina Central University,2010-2012,41875.0,243.0
English Language and Literature/Letters,North Carolina Central University,2010-2012,42146.0,38.0
Biological and Biomedical Sciences,North Carolina Central University,2010-2012,56170.0,118.0
"Parks, Recreation, Leisure, Fitness, and Kinesiology",North Carolina Central University,2010-2012,43948.0,134.0
Psychology,North Carolina Central University,2010-2012,41907.0,165.0
"Homeland Security, Law Enforcement, Firefighting and Related Protective Services",North Carolina Central University,2010-2012,44286.0,235.0
Public Administration and Social Service Professions,North Carolina Central University,2010-2012,50975.0,77.0
Social Sciences,North Carolina Central University,2010-2012,42295.0,161.0
Visual and Performing Arts,North Carolina Central University,2010-2012,38623.0,67.0
Health Professions and Related Programs,North Carolina Central University,2010-2012,70584.0,204.0
"Business, Management, Marketing, and Related Support Services",North Carolina Central University,2010-2012,51843.0,325.0
History,North Carolina Central University,2010-2012,43047.0,45.0
"Communication, Journalism, and Related Programs",North Carolina Central University,2013-2015,46903.0,134.0
Computer and Information Sciences and Support Services,North Carolina Central University,2013-2015,78072.0,52.0
Education,North Carolina Central University,2013-2015,53502.0,105.0
Family and Consumer Sciences/Human Sciences,North Carolina Central University,2013-2015,41735.0,303.0
English Language and Literature/Letters,North Carolina Central University,2013-2015,48984.0,55.0
Biological and Biomedical Sciences,North Carolina Central University,2013-2015,56170.0,152.0
"Parks, Recreation, Leisure, Fitness, and Kinesiology",North Carolina Central University,2013-2015,44129.0,116.0
Psychology,North Carolina Central University,2013-2015,43948.0,228.0
"Homeland Security, Law Enforcement, Firefighting and Related Protective Services",North Carolina Central University,2013-2015,47357.0,297.0
Public Administration and Social Service Professions,North Carolina Central University,2013-2015,52495.0,143.0
Social Sciences,North Carolina Central University,2013-2015,48165.0,99.0
Visual and Performing Arts,North Carolina Central University,2013-2015,39884.0,61.0
Health Professions and Related Programs,North Carolina Central University,2013-2015,64825.0,323.0
"Business, Management, Marketing, and Related Support Services",North Carolina Central University,2013-2015,57033.0,314.0
History,North Carolina Central University,2013-2015,48487.0,45.0
"Communication, Journalism, and Related Programs",North Carolina Central University,2016-2018,46189.0,162.0
Education,North Carolina Central University,2016-2018,56579.0,96.0
Family and Consumer Sciences/Human Sciences,North Carolina Central University,2016-2018,44737.0,239.0
English Language and Literature/Letters,North Carolina Central University,2016-2018,54051.0,32.0
Biological and Biomedical Sciences,North Carolina Central University,2016-2018,61969.0,178.0
"Parks, Recreation, Leisure, Fitness, and Kinesiology",North Carolina Central University,2016-2018,44815.0,197.0
Physical Sciences,North Carolina Central University,2016-2018,61332.0,32.0
Psychology,North Carolina Central University,2016-2018,44358.0,227.0
"Homeland Security, Law Enforcement, Firefighting and Related Protective Services",North Carolina Central University,2016-2018,48556.0,321.0
Public Administration and Social Service Professions,North Carolina Central University,2016-2018,48908.0,118.0
Social Sciences,North Carolina Central University,2016-2018,48658.0,198.0
Visual and Performing Arts,North Carolina Central University,2016-2018,37285.0,56.0
Health Professions and Related Programs,North Carolina Central University,2016-2018,72037.0,347.0
"Business, Management, Marketing, and Related Support Services",North Carolina Central University,2016-2018,54898.0,324.0
History,North Carolina Central University,2016-2018,46746.0,48.0
"Communication, Journalism, and Related Programs",University of North Carolina at Pembroke,2001-2003,47392.0,35.0
Computer and Information Sciences and Support Services,University of North Carolina at Pembroke,2001-2003,54522.0,31.0
Education,University of North Carolina at Pembroke,2001-2003,54436.0,136.0
Biological and Biomedical Sciences,University of North Carolina at Pembroke,2001-2003,51505.0,73.0
"Parks, Recreation, Leisure, Fitness, and Kinesiology",University of North Carolina at Pembroke,2001-2003,50767.0,49.0
Psychology,University of North Carolina at Pembroke,2001-2003,50949.0,47.0
"Homeland Security, Law Enforcement, Firefighting and Related Protective Services",University of North Carolina at Pembroke,2001-2003,49513.0,87.0
Public Administration and Social Service Professions,University of North Carolina at Pembroke,2001-2003,51223.0,76.0
Social Sciences,University of North Carolina at Pembroke,2001-2003,48663.0,137.0
Visual and Performing Arts,University of North Carolina at Pembroke,2001-2003,39425.0,33.0
Health Professions and Related Programs,University of North Carolina at Pembroke,2001-2003,84025.0,73.0
"Business, Management, Marketing, and Related Support Services",University of North Carolina at Pembroke,2001-2003,57147.0,190.0
History,University of North Carolina at Pembroke,2001-2003,53735.0,42.0
"Communication, Journalism, and Related Programs",University of North Carolina at Pembroke,2004-2006,49582.0,61.0
Computer and Information Sciences and Support Services,University of North Carolina at Pembroke,2004-2006,55181.0,33.0
Education,University of North Carolina at Pembroke,2004-2006,49490.0,233.0
Biological and Biomedical Sciences,University of North Carolina at Pembroke,2004-2006,50802.0,102.0
"Parks, Recreation, Leisure, Fitness, and Kinesiology",University of North Carolina at Pembroke,2004-2006,48648.0,100.0
Physical Sciences,University of North Carolina at Pembroke,2004-2006,52636.0,56.0
Psychology,University of North Carolina at Pembroke,2004-2006,48291.0,57.0
"Homeland Security, Law Enforcement, Firefighting and Related Protective Services",University of North Carolina at Pembroke,2004-2006,47802.0,66.0
Public Administration and Social Service Professions,University of North Carolina at Pembroke,2004-2006,51062.0,87.0
Social Sciences,University of North Carolina at Pembroke,2004-2006,48715.0,151.0
Visual and Performing Arts,University of North Carolina at Pembroke,2004-2006,32324.0,30.0
Health Professions and Related Programs,University of North Carolina at Pembroke,2004-2006,77430.0,69.0
"Business, Management, Marketing, and Related Support Services",University of North Carolina at Pembroke,2004-2006,54154.0,214.0
History,University of North Carolina at Pembroke,2004-2006,46967.0,44.0
"Communication, Journalism, and Related Programs",University of North Carolina at Pembroke,2007-2009,42631.0,87.0
Education,University of North Carolina at Pembroke,2007-2009,45723.0,269.0
Biological and Biomedical Sciences,University of North Carolina at Pembroke,2007-2009,47631.0,131.0
"Parks, Recreation, Leisure, Fitness, and Kinesiology",University of North Carolina at Pembroke,2007-2009,44060.0,104.0
Physical Sciences,University of North Carolina at Pembroke,2007-2009,54993.0,62.0
Psychology,University of North Carolina at Pembroke,2007-2009,37592.0,60.0
"Homeland Security, Law Enforcement, Firefighting and Related Protective Services",University of North Carolina at Pembroke,2007-2009,43722.0,104.0
Public Administration and Social Service Professions,University of North Carolina at Pembroke,2007-2009,47460.0,102.0
Social Sciences,University of North Carolina at Pembroke,2007-2009,42146.0,196.0
Visual and Performing Arts,University of North Carolina at Pembroke,2007-2009,47460.0,41.0
Health Professions and Related Programs,University of North Carolina at Pembroke,2007-2009,64972.0,181.0
"Business, Management, Marketing, and Related Support Services",University of North Carolina at Pembroke,2007-2009,49855.0,176.0
History,University of North Carolina at Pembroke,2007-2009,49171.0,33.0
"Communication, Journalism, and Related Programs",University of North Carolina at Pembroke,2010-2012,43820.0,108.0
Computer and Information Sciences and Support Services,University of North Carolina at Pembroke,2010-2012,62818.0,50.0
Education,University of North Carolina at Pembroke,2010-2012,49298.0,280.0
Biological and Biomedical Sciences,University of North Carolina at Pembroke,2010-2012,49131.0,145.0
"Parks, Recreation, Leisure, Fitness, and Kinesiology",University of North Carolina at Pembroke,2010-2012,45543.0,186.0
Physical Sciences,University of North Carolina at Pembroke,2010-2012,54453.0,36.0
Psychology,University of North Carolina at Pembroke,2010-2012,41799.0,101.0
"Homeland Security, Law Enforcement, Firefighting and Related Protective Services",University of North Carolina at Pembroke,2010-2012,46982.0,175.0
Public Administration and Social Service Professions,University of North Carolina at Pembroke,2010-2012,45571.0,97.0
Social Sciences,University of North Carolina at Pembroke,2010-2012,43747.0,238.0
Visual and Performing Arts,University of North Carolina at Pembroke,2010-2012,49582.0,41.0
Health Professions and Related Programs,University of North Carolina at Pembroke,2010-2012,67922.0,127.0
"Business, Management, Marketing, and Related Support Services",University of North Carolina at Pembroke,2010-2012,54639.0,221.0
History,University of North Carolina at Pembroke,2010-2012,49855.0,33.0
"Communication, Journalism, and Related Programs",University of North Carolina at Pembroke,2013-2015,45075.0,114.0
Computer and Information Sciences and Support Services,University of North Carolina at Pembroke,2013-2015,73271.0,60.0
Education,University of North Carolina at Pembroke,2013-2015,49964.0,260.0
Biological and Biomedical Sciences,University of North Carolina at Pembroke,2013-2015,48246.0,177.0
Multi/Interdisciplinary Studies,University of North Carolina at Pembroke,2013-2015,56877.0,36.0
"Parks, Recreation, Leisure, Fitness, and Kinesiology",University of North Carolina at Pembroke,2013-2015,45260.0,240.0
Physical Sciences,University of North Carolina at Pembroke,2013-2015,54051.0,68.0
Psychology,University of North Carolina at Pembroke,2013-2015,43696.0,109.0
"Homeland Security, Law Enforcement, Firefighting and Related Protective Services",University of North Carolina at Pembroke,2013-2015,48761.0,248.0
Public Administration and Social Service Professions,University of North Carolina at Pembroke,2013-2015,49013.0,119.0
Social Sciences,University of North Carolina at Pembroke,2013-2015,45557.0,218.0
Visual and Performing Arts,University of North Carolina at Pembroke,2013-2015,35391.0,46.0
Health Professions and Related Programs,University of North Carolina at Pembroke,2013-2015,77193.0,143.0
"Business, Management, Marketing, and Related Support Services",University of North Carolina at Pembroke,2013-2015,61446.0,248.0
History,University of North Carolina at Pembroke,2013-2015,49308.0,37.0
"Communication, Journalism, and Related Programs",University of North Carolina at Pembroke,2016-2018,42728.0,99.0
Computer and Information Sciences and Support Services,University of North Carolina at Pembroke,2016-2018,64930.0,84.0
Education,University of North Carolina at Pembroke,2016-2018,50101.0,156.0
Biological and Biomedical Sciences,University of North Carolina at Pembroke,2016-2018,52536.0,229.0
Multi/Interdisciplinary Studies,University of North Carolina at Pembroke,2016-2018,68098.0,47.0
"Parks, Recreation, Leisure, Fitness, and Kinesiology",University of North Carolina at Pembroke,2016-2018,48191.0,253.0
Physical Sciences,University of North Carolina at Pembroke,2016-2018,59848.0,65.0
Psychology,University of North Carolina at Pembroke,2016-2018,45171.0,93.0
"Homeland Security, Law Enforcement, Firefighting and Related Protective Services",University of North Carolina at Pembroke,2016-2018,51415.0,295.0
Public Administration and Social Service Professions,University of North Carolina at Pembroke,2016-2018,53032.0,120.0
Social Sciences,University of North Carolina at Pembroke,2016-2018,49279.0,269.0
Visual and Performing Arts,University of North Carolina at Pembroke,2016-2018,39793.0,73.0
Health Professions and Related Programs,University of North Carolina at Pembroke,2016-2018,76722.0,125.0
"Business, Management, Marketing, and Related Support Services",University of North Carolina at Pembroke,2016-2018,60177.0,216.0
History,University of North Carolina at Pembroke,2016-2018,49399.0,42.0
Agricultural/Animal/Plant/Veterinary Science and Related Fields,North Carolina State University,2001-2003,54870.0,539.0
Natural Resources and Conservation,North Carolina State University,2001-2003,61518.0,238.0
Architecture and Related Services,North Carolina State University,2001-2003,66514.0,90.0
"Communication, Journalism, and Related Programs",North Carolina State University,2001-2003,58363.0,451.0
Computer and Information Sciences and Support Services,North Carolina State University,2001-2003,95918.0,404.0
Education,North Carolina State University,2001-2003,58609.0,264.0
Engineering,North Carolina State University,2001-2003,89643.0,2068.0
"Foreign Languages, Literatures, and Linguistics",North Carolina State University,2001-2003,62818.0,70.0
English Language and Literature/Letters,North Carolina State University,2001-2003,53008.0,146.0
"Liberal Arts and Sciences, General Studies and Humanities",North Carolina State University,2001-2003,66779.0,98.0
Biological and Biomedical Sciences,North Carolina State University,2001-2003,61550.0,582.0
Mathematics and Statistics,North Carolina State University,2001-2003,73785.0,137.0
"Parks, Recreation, Leisure, Fitness, and Kinesiology",North Carolina State University,2001-2003,52793.0,146.0
Physical Sciences,North Carolina State University,2001-2003,63793.0,264.0
Psychology,North Carolina State University,2001-2003,53647.0,238.0
Public Administration and Social Service Professions,North Carolina State University,2001-2003,59848.0,66.0
Social Sciences,North Carolina State University,2001-2003,57552.0,472.0
Visual and Performing Arts,North Carolina State University,2001-2003,56877.0,178.0
Health Professions and Related Programs,North Carolina State University,2001-2003,70012.0,92.0
"Business, Management, Marketing, and Related Support Services",North Carolina State University,2001-2003,71408.0,1141.0
History,North Carolina State University,2001-2003,58363.0,77.0
Agricultural/Animal/Plant/Veterinary Science and Related Fields,North Carolina State University,2004-2006,55062.0,622.0
Natural Resources and Conservation,North Carolina State University,2004-2006,56239.0,209.0
Architecture and Related Services,North Carolina State University,2004-2006,64402.0,118.0
"Communication, Journalism, and Related Programs",North Carolina State University,2004-2006,57631.0,604.0
Computer and Information Sciences and Support Services,North Carolina State University,2004-2006,95070.0,411.0
Education,North Carolina State University,2004-2006,53642.0,391.0
Engineering,North Carolina State University,2004-2006,90956.0,2396.0
Engineering/Engineering-Related Technologies/Technicians,North Carolina State University,2004-2006,61630.0,34.0
"Foreign Languages, Literatures, and Linguistics",North Carolina State University,2004-2006,55935.0,97.0
English Language and Literature/Letters,North Carolina State University,2004-2006,51223.0,196.0
"Liberal Arts and Sciences, General Studies and Humanities",North Carolina State University,2004-2006,62224.0,77.0
Biological and Biomedical Sciences,North Carolina State University,2004-2006,60108.0,827.0
Mathematics and Statistics,North Carolina State University,2004-2006,76518.0,182.0
"Parks, Recreation, Leisure, Fitness, and Kinesiology",North Carolina State University,2004-2006,53545.0,209.0
Philosophy and Religious Studies,North Carolina State University,2004-2006,74301.0,53.0
Physical Sciences,North Carolina State University,2004-2006,62728.0,267.0
Psychology,North Carolina State University,2004-2006,51458.0,313.0
Public Administration and Social Service Professions,North Carolina State University,2004-2006,51851.0,68.0
Social Sciences,North Carolina State University,2004-2006,56340.0,719.0
Visual and Performing Arts,North Carolina State University,2004-2006,52950.0,211.0
Health Professions and Related Programs,North Carolina State University,2004-2006,61944.0,145.0
"Business, Management, Marketing, and Related Support Services",North Carolina State University,2004-2006,71681.0,1429.0
History,North Carolina State University,2004-2006,51627.0,134.0
Agricultural/Animal/Plant/Veterinary Science and Related Fields,North Carolina State University,2007-2009,55074.0,724.0
Natural Resources and Conservation,North Carolina State University,2007-2009,58065.0,214.0
Architecture and Related Services,North Carolina State University,2007-2009,56711.0,125.0
"Communication, Journalism, and Related Programs",North Carolina State University,2007-2009,55849.0,588.0
Computer and Information Sciences and Support Services,North Carolina State University,2007-2009,98565.0,297.0
Education,North Carolina State University,2007-2009,49052.0,549.0
Engineering,North Carolina State University,2007-2009,89641.0,2469.0
Engineering/Engineering-Related Technologies/Technicians,North Carolina State University,2007-2009,56563.0,47.0
"Foreign Languages, Literatures, and Linguistics",North Carolina State University,2007-2009,50419.0,117.0
English Language and Literature/Letters,North Carolina State University,2007-2009,50676.0,199.0
Biological and Biomedical Sciences,North Carolina State University,2007-2009,61027.0,951.0
Mathematics and Statistics,North Carolina State University,2007-2009,71942.0,187.0
Multi/Interdisciplinary Studies,North Carolina State University,2007-2009,63004.0,131.0
"Parks, Recreation, Leisure, Fitness, and Kinesiology",North Carolina State University,2007-2009,51285.0,377.0
Philosophy and Religious Studies,North Carolina State University,2007-2009,48487.0,48.0
Physical Sciences,North Carolina State University,2007-2009,66675.0,328.0
Psychology,North Carolina State University,2007-2009,50568.0,361.0
Public Administration and Social Service Professions,North Carolina State University,2007-2009,51223.0,56.0
Social Sciences,North Carolina State University,2007-2009,54118.0,711.0
Visual and Performing Arts,North Carolina State University,2007-2009,58363.0,221.0
Health Professions and Related Programs,North Carolina State University,2007-2009,59353.0,93.0
"Business, Management, Marketing, and Related Support Services",North Carolina State University,2007-2009,71850.0,1621.0
History,North Carolina State University,2007-2009,48004.0,168.0
Agricultural/Animal/Plant/Veterinary Science and Related Fields,North Carolina State University,2010-2012,57628.0,885.0
Natural Resources and Conservation,North Carolina State University,2010-2012,59422.0,288.0
Architecture and Related Services,North Carolina State University,2010-2012,65986.0,147.0
"Area, Ethnic, Cultural, Gender, and Group Studies",North Carolina State University,2010-2012,47460.0,41.0
"Communication, Journalism, and Related Programs",North Carolina State University,2010-2012,62306.0,518.0
Computer and Information Sciences and Support Services,North Carolina State University,2010-2012,110498.0,330.0
Education,North Carolina State University,2010-2012,54019.0,685.0
Engineering,North Carolina State University,2010-2012,91685.0,2980.0
Engineering/Engineering-Related Technologies/Technicians,North Carolina State University,2010-2012,61969.0,104.0
"Foreign Languages, Literatures, and Linguistics",North Carolina State University,2010-2012,57957.0,112.0
English Language and Literature/Letters,North Carolina State University,2010-2012,50441.0,230.0
"Liberal Arts and Sciences, General Studies and Humanities",North Carolina State University,2010-2012,60837.0,52.0
Biological and Biomedical Sciences,North Carolina State University,2010-2012,63266.0,1152.0
Mathematics and Statistics,North Carolina State University,2010-2012,76913.0,191.0
Multi/Interdisciplinary Studies,North Carolina State University,2010-2012,60259.0,347.0
"Parks, Recreation, Leisure, Fitness, and Kinesiology",North Carolina State University,2010-2012,55492.0,403.0
Philosophy and Religious Studies,North Carolina State University,2010-2012,53485.0,58.0
Physical Sciences,North Carolina State University,2010-2012,65410.0,236.0
Psychology,North Carolina State University,2010-2012,53653.0,489.0
Public Administration and Social Service Professions,North Carolina State University,2010-2012,53647.0,80.0
Social Sciences,North Carolina State University,2010-2012,55464.0,662.0
Visual and Performing Arts,North Carolina State University,2010-2012,61580.0,226.0
"Business, Management, Marketing, and Related Support Services",North Carolina State University,2010-2012,77490.0,1802.0
History,North Carolina State University,2010-2012,53526.0,194.0
Agricultural/Animal/Plant/Veterinary Science and Related Fields,North Carolina State University,2013-2015,59739.0,889.0
Natural Resources and Conservation,North Carolina State University,2013-2015,63021.0,358.0
Architecture and Related Services,North Carolina State University,2013-2015,66658.0,158.0
"Area, Ethnic, Cultural, Gender, and Group Studies",North Carolina State University,2013-2015,54051.0,34.0
"Communication, Journalism, and Related Programs",North Carolina State University,2013-2015,62571.0,538.0
Computer and Information Sciences and Support Services,North Carolina State University,2013-2015,113402.0,456.0
Education,North Carolina State University,2013-2015,55728.0,591.0
Engineering,North Carolina State University,2013-2015,95131.0,3252.0
Engineering/Engineering-Related Technologies/Technicians,North Carolina State University,2013-2015,60363.0,155.0
"Foreign Languages, Literatures, and Linguistics",North Carolina State University,2013-2015,55935.0,98.0
English Language and Literature/Letters,North Carolina State University,2013-2015,53460.0,201.0
"Liberal Arts and Sciences, General Studies and Humanities",North Carolina State University,2013-2015,71728.0,75.0
Biological and Biomedical Sciences,North Carolina State University,2013-2015,65441.0,1180.0
Mathematics and Statistics,North Carolina State University,2013-2015,89768.0,226.0
Multi/Interdisciplinary Studies,North Carolina State University,2013-2015,61854.0,388.0
"Parks, Recreation, Leisure, Fitness, and Kinesiology",North Carolina State University,2013-2015,57514.0,528.0
Philosophy and Religious Studies,North Carolina State University,2013-2015,50311.0,62.0
Physical Sciences,North Carolina State University,2013-2015,66108.0,255.0
Psychology,North Carolina State University,2013-2015,55798.0,435.0
Public Administration and Social Service Professions,North Carolina State University,2013-2015,56235.0,113.0
Social Sciences,North Carolina State University,2013-2015,58170.0,737.0
Visual and Performing Arts,North Carolina State University,2013-2015,57751.0,261.0
"Business, Management, Marketing, and Related Support Services",North Carolina State University,2013-2015,82625.0,1894.0
History,North Carolina State University,2013-2015,54348.0,171.0
Agricultural/Animal/Plant/Veterinary Science and Related Fields,North Carolina State University,2016-2018,60076.0,936.0
Natural Resources and Conservation,North Carolina State University,2016-2018,64402.0,505.0
Architecture and Related Services,North Carolina State University,2016-2018,72585.0,110.0
"Communication, Journalism, and Related Programs",North Carolina State University,2016-2018,66698.0,510.0
Computer and Information Sciences and Support Services,North Carolina State University,2016-2018,118223.0,491.0
Education,North Carolina State University,2016-2018,56295.0,354.0
Engineering,North Carolina State University,2016-2018,94598.0,3678.0
Engineering/Engineering-Related Technologies/Technicians,North Carolina State University,2016-2018,69536.0,94.0
"Foreign Languages, Literatures, and Linguistics",North Carolina State University,2016-2018,60837.0,114.0
English Language and Literature/Letters,North Carolina State University,2016-2018,54208.0,187.0
"Liberal Arts and Sciences, General Studies and Humanities",North Carolina State University,2016-2018,74872.0,64.0
Biological and Biomedical Sciences,North Carolina State University,2016-2018,66485.0,1045.0
Mathematics and Statistics,North Carolina State University,2016-2018,90933.0,278.0
Multi/Interdisciplinary Studies,North Carolina State University,2016-2018,65780.0,517.0
"Parks, Recreation, Leisure, Fitness, and Kinesiology",North Carolina State University,2016-2018,59635.0,455.0
Philosophy and Religious Studies,North Carolina State University,2016-2018,48943.0,35.0
Physical Sciences,North Carolina State University,2016-2018,65498.0,264.0
Science Technologies/Technicians,North Carolina State University,2016-2018,92948.0,31.0
Psychology,North Carolina State University,2016-2018,59253.0,436.0
Public Administration and Social Service Professions,North Carolina State University,2016-2018,52703.0,159.0
Social Sciences,North Carolina State University,2016-2018,59411.0,544.0
Visual and Performing Arts,North Carolina State University,2016-2018,62018.0,257.0
"Business, Management, Marketing, and Related Support Services",North Carolina State University,2016-2018,88212.0,2039.0
History,North Carolina State University,2016-2018,55060.0,123.0
"Area, Ethnic, Cultural, Gender, and Group Studies",University of North Carolina - Chapel Hill,2001-2003,56524.0,261.0
"Communication, Journalism, and Related Programs",University of North Carolina - Chapel Hill,2001-2003,62140.0,1172.0
Computer and Information Sciences and Support Services,University of North Carolina - Chapel Hill,2001-2003,94389.0,48.0
Education,University of North Carolina - Chapel Hill,2001-2003,55197.0,128.0
"Foreign Languages, Literatures, and Linguistics",University of North Carolina - Chapel Hill,2001-2003,58685.0,236.0
English Language and Literature/Letters,University of North Carolina - Chapel Hill,2001-2003,58032.0,312.0
Biological and Biomedical Sciences,University of North Carolina - Chapel Hill,2001-2003,62886.0,407.0
Mathematics and Statistics,University of North Carolina - Chapel Hill,2001-2003,80540.0,118.0
Multi/Interdisciplinary Studies,University of North Carolina - Chapel Hill,2001-2003,65353.0,48.0
"Parks, Recreation, Leisure, Fitness, and Kinesiology",University of North Carolina - Chapel Hill,2001-2003,63329.0,255.0
Philosophy and Religious Studies,University of North Carolina - Chapel Hill,2001-2003,54857.0,77.0
Physical Sciences,University of North Carolina - Chapel Hill,2001-2003,69154.0,116.0
Psychology,University of North Carolina - Chapel Hill,2001-2003,57775.0,720.0
Public Administration and Social Service Professions,University of North Carolina - Chapel Hill,2001-2003,63874.0,66.0
Social Sciences,University of North Carolina - Chapel Hill,2001-2003,67494.0,1108.0
Visual and Performing Arts,University of North Carolina - Chapel Hill,2001-2003,52636.0,162.0
Health Professions and Related Programs,University of North Carolina - Chapel Hill,2001-2003,77573.0,455.0
"Business, Management, Marketing, and Related Support Services",University of North Carolina - Chapel Hill,2001-2003,89205.0,679.0
History,University of North Carolina - Chapel Hill,2001-2003,63451.0,335.0
Natural Resources and Conservation,University of North Carolina - Chapel Hill,2004-2006,54051.0,56.0
"Area, Ethnic, Cultural, Gender, and Group Studies",University of North Carolina - Chapel Hill,2004-2006,57601.0,390.0
"Communication, Journalism, and Related Programs",University of North Carolina - Chapel Hill,2004-2006,61864.0,1397.0
Computer and Information Sciences and Support Services,University of North Carolina - Chapel Hill,2004-2006,100794.0,112.0
Education,University of North Carolina - Chapel Hill,2004-2006,52907.0,192.0
"Foreign Languages, Literatures, and Linguistics",University of North Carolina - Chapel Hill,2004-2006,58084.0,337.0
English Language and Literature/Letters,University of North Carolina - Chapel Hill,2004-2006,53377.0,350.0
Biological and Biomedical Sciences,University of North Carolina - Chapel Hill,2004-2006,62224.0,576.0
Mathematics and Statistics,University of North Carolina - Chapel Hill,2004-2006,67174.0,111.0
Multi/Interdisciplinary Studies,University of North Carolina - Chapel Hill,2004-2006,60837.0,76.0
"Parks, Recreation, Leisure, Fitness, and Kinesiology",University of North Carolina - Chapel Hill,2004-2006,59933.0,316.0
Philosophy and Religious Studies,University of North Carolina - Chapel Hill,2004-2006,49118.0,94.0
Physical Sciences,University of North Carolina - Chapel Hill,2004-2006,67967.0,185.0
Psychology,University of North Carolina - Chapel Hill,2004-2006,57044.0,823.0
Public Administration and Social Service Professions,University of North Carolina - Chapel Hill,2004-2006,74872.0,76.0
Social Sciences,University of North Carolina - Chapel Hill,2004-2006,67570.0,1346.0
Visual and Performing Arts,University of North Carolina - Chapel Hill,2004-2006,54168.0,225.0
Health Professions and Related Programs,University of North Carolina - Chapel Hill,2004-2006,75639.0,600.0
"Business, Management, Marketing, and Related Support Services",University of North Carolina - Chapel Hill,2004-2006,92370.0,800.0
History,University of North Carolina - Chapel Hill,2004-2006,58744.0,366.0
Natural Resources and Conservation,University of North Carolina - Chapel Hill,2007-2009,52839.0,86.0
"Area, Ethnic, Cultural, Gender, and Group Studies",University of North Carolina - Chapel Hill,2007-2009,58858.0,474.0
"Communication, Journalism, and Related Programs",University of North Carolina - Chapel Hill,2007-2009,61760.0,1360.0
Computer and Information Sciences and Support Services,University of North Carolina - Chapel Hill,2007-2009,98792.0,123.0
Education,University of North Carolina - Chapel Hill,2007-2009,48449.0,210.0
"Foreign Languages, Literatures, and Linguistics",University of North Carolina - Chapel Hill,2007-2009,57845.0,444.0
Family and Consumer Sciences/Human Sciences,University of North Carolina - Chapel Hill,2007-2009,73271.0,34.0
English Language and Literature/Letters,University of North Carolina - Chapel Hill,2007-2009,50435.0,409.0
Biological and Biomedical Sciences,University of North Carolina - Chapel Hill,2007-2009,60677.0,673.0
Mathematics and Statistics,University of North Carolina - Chapel Hill,2007-2009,76554.0,142.0
Multi/Interdisciplinary Studies,University of North Carolina - Chapel Hill,2007-2009,60927.0,75.0
"Parks, Recreation, Leisure, Fitness, and Kinesiology",University of North Carolina - Chapel Hill,2007-2009,56276.0,444.0
Philosophy and Religious Studies,University of North Carolina - Chapel Hill,2007-2009,54615.0,126.0
Physical Sciences,University of North Carolina - Chapel Hill,2007-2009,63793.0,240.0
Psychology,University of North Carolina - Chapel Hill,2007-2009,53629.0,890.0
Public Administration and Social Service Professions,University of North Carolina - Chapel Hill,2007-2009,66779.0,140.0
Social Sciences,University of North Carolina - Chapel Hill,2007-2009,64304.0,1581.0
Visual and Performing Arts,University of North Carolina - Chapel Hill,2007-2009,49288.0,253.0
Health Professions and Related Programs,University of North Carolina - Chapel Hill,2007-2009,77723.0,951.0
"Business, Management, Marketing, and Related Support Services",University of North Carolina - Chapel Hill,2007-2009,93738.0,967.0
History,University of North Carolina - Chapel Hill,2007-2009,55036.0,410.0
Natural Resources and Conservation,University of North Carolina - Chapel Hill,2010-2012,58808.0,141.0
"Area, Ethnic, Cultural, Gender, and Group Studies",University of North Carolina - Chapel Hill,2010-2012,61260.0,694.0
"Communication, Journalism, and Related Programs",University of North Carolina - Chapel Hill,2010-2012,67911.0,1539.0
Computer and Information Sciences and Support Services,University of North Carolina - Chapel Hill,2010-2012,109303.0,136.0
Education,University of North Carolina - Chapel Hill,2010-2012,52107.0,220.0
"Foreign Languages, Literatures, and Linguistics",University of North Carolina - Chapel Hill,2010-2012,62384.0,525.0
English Language and Literature/Letters,University of North Carolina - Chapel Hill,2010-2012,54893.0,445.0
Biological and Biomedical Sciences,University of North Carolina - Chapel Hill,2010-2012,63956.0,743.0
Mathematics and Statistics,University of North Carolina - Chapel Hill,2010-2012,86622.0,236.0
Multi/Interdisciplinary Studies,University of North Carolina - Chapel Hill,2010-2012,66779.0,154.0
"Parks, Recreation, Leisure, Fitness, and Kinesiology",University of North Carolina - Chapel Hill,2010-2012,62149.0,513.0
Philosophy and Religious Studies,University of North Carolina - Chapel Hill,2010-2012,60533.0,168.0
Physical Sciences,University of North Carolina - Chapel Hill,2010-2012,71793.0,308.0
Psychology,University of North Carolina - Chapel Hill,2010-2012,56989.0,855.0
Public Administration and Social Service Professions,University of North Carolina - Chapel Hill,2010-2012,75558.0,178.0
Social Sciences,University of North Carolina - Chapel Hill,2010-2012,72608.0,1965.0
Visual and Performing Arts,University of North Carolina - Chapel Hill,2010-2012,50676.0,261.0
Health Professions and Related Programs,University of North Carolina - Chapel Hill,2010-2012,78793.0,937.0
"Business, Management, Marketing, and Related Support Services",University of North Carolina - Chapel Hill,2010-2012,106493.0,973.0
History,University of North Carolina - Chapel Hill,2010-2012,60360.0,530.0
Natural Resources and Conservation,University of North Carolina - Chapel Hill,2013-2015,65590.0,160.0
"Area, Ethnic, Cultural, Gender, and Group Studies",University of North Carolina - Chapel Hill,2013-2015,63334.0,706.0
"Communication, Journalism, and Related Programs",University of North Carolina - Chapel Hill,2013-2015,72487.0,1423.0
Computer and Information Sciences and Support Services,University of North Carolina - Chapel Hill,2013-2015,122253.0,320.0
Education,University of North Carolina - Chapel Hill,2013-2015,54913.0,171.0
"Foreign Languages, Literatures, and Linguistics",University of North Carolina - Chapel Hill,2013-2015,60818.0,481.0
Family and Consumer Sciences/Human Sciences,University of North Carolina - Chapel Hill,2013-2015,66273.0,36.0
English Language and Literature/Letters,University of North Carolina - Chapel Hill,2013-2015,58471.0,412.0
Biological and Biomedical Sciences,University of North Carolina - Chapel Hill,2013-2015,65598.0,947.0
Mathematics and Statistics,University of North Carolina - Chapel Hill,2013-2015,100057.0,308.0
Multi/Interdisciplinary Studies,University of North Carolina - Chapel Hill,2013-2015,75372.0,215.0
"Parks, Recreation, Leisure, Fitness, and Kinesiology",University of North Carolina - Chapel Hill,2013-2015,65693.0,683.0
Philosophy and Religious Studies,University of North Carolina - Chapel Hill,2013-2015,56877.0,166.0
Physical Sciences,University of North Carolina - Chapel Hill,2013-2015,71130.0,425.0
Psychology,University of North Carolina - Chapel Hill,2013-2015,60747.0,1067.0
Public Administration and Social Service Professions,University of North Carolina - Chapel Hill,2013-2015,82718.0,244.0
Social Sciences,University of North Carolina - Chapel Hill,2013-2015,80842.0,2024.0
Visual and Performing Arts,University of North Carolina - Chapel Hill,2013-2015,51346.0,275.0
Health Professions and Related Programs,University of North Carolina - Chapel Hill,2013-2015,78709.0,772.0
"Business, Management, Marketing, and Related Support Services",University of North Carolina - Chapel Hill,2013-2015,117867.0,986.0
History,University of North Carolina - Chapel Hill,2013-2015,58799.0,454.0
Natural Resources and Conservation,University of North Carolina - Chapel Hill,2016-2018,64718.0,243.0
"Area, Ethnic, Cultural, Gender, and Group Studies",University of North Carolina - Chapel Hill,2016-2018,63025.0,642.0
"Communication, Journalism, and Related Programs",University of North Carolina - Chapel Hill,2016-2018,77975.0,1385.0
Computer and Information Sciences and Support Services,University of North Carolina - Chapel Hill,2016-2018,130776.0,616.0
Education,University of North Carolina - Chapel Hill,2016-2018,53964.0,108.0
Engineering,University of North Carolina - Chapel Hill,2016-2018,88474.0,103.0
"Foreign Languages, Literatures, and Linguistics",University of North Carolina - Chapel Hill,2016-2018,61121.0,396.0
Family and Consumer Sciences/Human Sciences,University of North Carolina - Chapel Hill,2016-2018,58527.0,35.0
English Language and Literature/Letters,University of North Carolina - Chapel Hill,2016-2018,53343.0,307.0
"Liberal Arts and Sciences, General Studies and Humanities",University of North Carolina - Chapel Hill,2016-2018,70870.0,40.0
Biological and Biomedical Sciences,University of North Carolina - Chapel Hill,2016-2018,63105.0,957.0
Mathematics and Statistics,University of North Carolina - Chapel Hill,2016-2018,112028.0,461.0
Multi/Interdisciplinary Studies,University of North Carolina - Chapel Hill,2016-2018,79495.0,198.0
"Parks, Recreation, Leisure, Fitness, and Kinesiology",University of North Carolina - Chapel Hill,2016-2018,66981.0,756.0
Philosophy and Religious Studies,University of North Carolina - Chapel Hill,2016-2018,68424.0,137.0
Physical Sciences,University of North Carolina - Chapel Hill,2016-2018,65881.0,405.0
Psychology,University of North Carolina - Chapel Hill,2016-2018,59391.0,927.0
Public Administration and Social Service Professions,University of North Carolina - Chapel Hill,2016-2018,78439.0,259.0
Social Sciences,University of North Carolina - Chapel Hill,2016-2018,87447.0,2206.0
Visual and Performing Arts,University of North Carolina - Chapel Hill,2016-2018,56378.0,247.0
Health Professions and Related Programs,University of North Carolina - Chapel Hill,2016-2018,79950.0,772.0
"Business, Management, Marketing, and Related Support Services",University of North Carolina - Chapel Hill,2016-2018,130233.0,1028.0
History,University of North Carolina - Chapel Hill,2016-2018,61036.0,369.0
Architecture and Related Services,University of North Carolina - Charlotte,2001-2003,68782.0,108.0
"Communication, Journalism, and Related Programs",University of North Carolina - Charlotte,2001-2003,55728.0,257.0
Computer and Information Sciences and Support Services,University of North Carolina - Charlotte,2001-2003,87596.0,213.0
Education,University of North Carolina - Charlotte,2001-2003,53587.0,394.0
Engineering,University of North Carolina - Charlotte,2001-2003,85613.0,290.0
Engineering/Engineering-Related Technologies/Technicians,University of North Carolina - Charlotte,2001-2003,84494.0,132.0
Family and Consumer Sciences/Human Sciences,University of North Carolina - Charlotte,2001-2003,48487.0,33.0
English Language and Literature/Letters,University of North Carolina - Charlotte,2001-2003,52055.0,125.0
Biological and Biomedical Sciences,University of North Carolina - Charlotte,2001-2003,55836.0,147.0
Mathematics and Statistics,University of North Carolina - Charlotte,2001-2003,54993.0,32.0
"Parks, Recreation, Leisure, Fitness, and Kinesiology",University of North Carolina - Charlotte,2001-2003,52031.0,46.0
Philosophy and Religious Studies,University of North Carolina - Charlotte,2001-2003,48487.0,43.0
Physical Sciences,University of North Carolina - Charlotte,2001-2003,68521.0,60.0
Psychology,University of North Carolina - Charlotte,2001-2003,53049.0,339.0
"Homeland Security, Law Enforcement, Firefighting and Related Protective Services",University of North Carolina - Charlotte,2001-2003,58815.0,185.0
Public Administration and Social Service Professions,University of North Carolina - Charlotte,2001-2003,52165.0,61.0
Social Sciences,University of North Carolina - Charlotte,2001-2003,55127.0,358.0
Visual and Performing Arts,University of North Carolina - Charlotte,2001-2003,49855.0,162.0
Health Professions and Related Programs,University of North Carolina - Charlotte,2001-2003,77155.0,281.0
"Business, Management, Marketing, and Related Support Services",University of North Carolina - Charlotte,2001-2003,68303.0,1468.0
History,University of North Carolina - Charlotte,2001-2003,52636.0,145.0
Architecture and Related Services,University of North Carolina - Charlotte,2004-2006,61518.0,113.0
"Communication, Journalism, and Related Programs",University of North Carolina - Charlotte,2004-2006,54051.0,380.0
Computer and Information Sciences and Support Services,University of North Carolina - Charlotte,2004-2006,82300.0,199.0
Education,University of North Carolina - Charlotte,2004-2006,47958.0,576.0
Engineering,University of North Carolina - Charlotte,2004-2006,89486.0,459.0
Engineering/Engineering-Related Technologies/Technicians,University of North Carolina - Charlotte,2004-2006,79284.0,189.0
"Foreign Languages, Literatures, and Linguistics",University of North Carolina - Charlotte,2004-2006,49399.0,54.0
Family and Consumer Sciences/Human Sciences,University of North Carolina - Charlotte,2004-2006,46055.0,72.0
English Language and Literature/Letters,University of North Carolina - Charlotte,2004-2006,47392.0,164.0
Biological and Biomedical Sciences,University of North Carolina - Charlotte,2004-2006,56877.0,190.0
Mathematics and Statistics,University of North Carolina - Charlotte,2004-2006,53107.0,52.0
Multi/Interdisciplinary Studies,University of North Carolina - Charlotte,2004-2006,52479.0,52.0
Philosophy and Religious Studies,University of North Carolina - Charlotte,2004-2006,54051.0,55.0
Physical Sciences,University of North Carolina - Charlotte,2004-2006,57562.0,87.0
Psychology,University of North Carolina - Charlotte,2004-2006,47691.0,445.0
"Homeland Security, Law Enforcement, Firefighting and Related Protective Services",University of North Carolina - Charlotte,2004-2006,55636.0,286.0
Public Administration and Social Service Professions,University of North Carolina - Charlotte,2004-2006,52839.0,66.0
Social Sciences,University of North Carolina - Charlotte,2004-2006,54008.0,498.0
Visual and Performing Arts,University of North Carolina - Charlotte,2004-2006,47078.0,244.0
Health Professions and Related Programs,University of North Carolina - Charlotte,2004-2006,71899.0,312.0
"Business, Management, Marketing, and Related Support Services",University of North Carolina - Charlotte,2004-2006,68850.0,1670.0
History,University of North Carolina - Charlotte,2004-2006,52401.0,170.0
Architecture and Related Services,University of North Carolina - Charlotte,2007-2009,62181.0,131.0
"Communication, Journalism, and Related Programs",University of North Carolina - Charlotte,2007-2009,53664.0,527.0
Computer and Information Sciences and Support Services,University of North Carolina - Charlotte,2007-2009,90704.0,209.0
Education,University of North Carolina - Charlotte,2007-2009,44658.0,754.0
Engineering,University of North Carolina - Charlotte,2007-2009,87366.0,585.0
Engineering/Engineering-Related Technologies/Technicians,University of North Carolina - Charlotte,2007-2009,78817.0,258.0
"Foreign Languages, Literatures, and Linguistics",University of North Carolina - Charlotte,2007-2009,44308.0,82.0
Family and Consumer Sciences/Human Sciences,University of North Carolina - Charlotte,2007-2009,45751.0,56.0
English Language and Literature/Letters,University of North Carolina - Charlotte,2007-2009,47224.0,188.0
Biological and Biomedical Sciences,University of North Carolina - Charlotte,2007-2009,52636.0,241.0
Mathematics and Statistics,University of North Carolina - Charlotte,2007-2009,60144.0,103.0
Multi/Interdisciplinary Studies,University of North Carolina - Charlotte,2007-2009,48878.0,54.0
"Parks, Recreation, Leisure, Fitness, and Kinesiology",University of North Carolina - Charlotte,2007-2009,52283.0,77.0
Philosophy and Religious Studies,University of North Carolina - Charlotte,2007-2009,36368.0,51.0
Physical Sciences,University of North Carolina - Charlotte,2007-2009,55464.0,140.0
Psychology,University of North Carolina - Charlotte,2007-2009,45881.0,603.0
"Homeland Security, Law Enforcement, Firefighting and Related Protective Services",University of North Carolina - Charlotte,2007-2009,54191.0,374.0
Public Administration and Social Service Professions,University of North Carolina - Charlotte,2007-2009,50265.0,107.0
Social Sciences,University of North Carolina - Charlotte,2007-2009,50876.0,568.0
Visual and Performing Arts,University of North Carolina - Charlotte,2007-2009,42950.0,215.0
Health Professions and Related Programs,University of North Carolina - Charlotte,2007-2009,71041.0,526.0
"Business, Management, Marketing, and Related Support Services",University of North Carolina - Charlotte,2007-2009,66838.0,1888.0
History,University of North Carolina - Charlotte,2007-2009,43626.0,202.0
Architecture and Related Services,University of North Carolina - Charlotte,2010-2012,66461.0,151.0
"Area, Ethnic, Cultural, Gender, and Group Studies",University of North Carolina - Charlotte,2010-2012,50615.0,52.0
"Communication, Journalism, and Related Programs",University of North Carolina - Charlotte,2010-2012,56274.0,529.0
Computer and Information Sciences and Support Services,University of North Carolina - Charlotte,2010-2012,91189.0,325.0
Education,University of North Carolina - Charlotte,2010-2012,49808.0,715.0
Engineering,University of North Carolina - Charlotte,2010-2012,92186.0,735.0
Engineering/Engineering-Related Technologies/Technicians,University of North Carolina - Charlotte,2010-2012,85026.0,423.0
"Foreign Languages, Literatures, and Linguistics",University of North Carolina - Charlotte,2010-2012,51493.0,132.0
Family and Consumer Sciences/Human Sciences,University of North Carolina - Charlotte,2010-2012,49855.0,30.0
English Language and Literature/Letters,University of North Carolina - Charlotte,2010-2012,49566.0,235.0
Biological and Biomedical Sciences,University of North Carolina - Charlotte,2010-2012,60052.0,221.0
Mathematics and Statistics,University of North Carolina - Charlotte,2010-2012,61545.0,151.0
Multi/Interdisciplinary Studies,University of North Carolina - Charlotte,2010-2012,51789.0,102.0
"Parks, Recreation, Leisure, Fitness, and Kinesiology",University of North Carolina - Charlotte,2010-2012,61703.0,115.0
Philosophy and Religious Studies,University of North Carolina - Charlotte,2010-2012,46532.0,64.0
Physical Sciences,University of North Carolina - Charlotte,2010-2012,63394.0,210.0
Psychology,University of North Carolina - Charlotte,2010-2012,49547.0,629.0
"Homeland Security, Law Enforcement, Firefighting and Related Protective Services",University of North Carolina - Charlotte,2010-2012,57059.0,554.0
Public Administration and Social Service Professions,University of North Carolina - Charlotte,2010-2012,58009.0,110.0
Social Sciences,University of North Carolina - Charlotte,2010-2012,53007.0,813.0
Visual and Performing Arts,University of North Carolina - Charlotte,2010-2012,43972.0,307.0
Health Professions and Related Programs,University of North Carolina - Charlotte,2010-2012,69917.0,698.0
"Business, Management, Marketing, and Related Support Services",University of North Carolina - Charlotte,2010-2012,70956.0,2020.0
History,University of North Carolina - Charlotte,2010-2012,52165.0,267.0
Architecture and Related Services,University of North Carolina - Charlotte,2013-2015,69154.0,150.0
"Area, Ethnic, Cultural, Gender, and Group Studies",University of North Carolina - Charlotte,2013-2015,49035.0,68.0
"Communication, Journalism, and Related Programs",University of North Carolina - Charlotte,2013-2015,56838.0,657.0
Computer and Information Sciences and Support Services,University of North Carolina - Charlotte,2013-2015,97078.0,507.0
Education,University of North Carolina - Charlotte,2013-2015,51223.0,578.0
Engineering,University of North Carolina - Charlotte,2013-2015,90667.0,822.0
Engineering/Engineering-Related Technologies/Technicians,University of North Carolina - Charlotte,2013-2015,84822.0,353.0
"Foreign Languages, Literatures, and Linguistics",University of North Carolina - Charlotte,2013-2015,50197.0,167.0
English Language and Literature/Letters,University of North Carolina - Charlotte,2013-2015,48634.0,251.0
Biological and Biomedical Sciences,University of North Carolina - Charlotte,2013-2015,58433.0,199.0
Mathematics and Statistics,University of North Carolina - Charlotte,2013-2015,73042.0,217.0
Multi/Interdisciplinary Studies,University of North Carolina - Charlotte,2013-2015,49171.0,99.0
"Parks, Recreation, Leisure, Fitness, and Kinesiology",University of North Carolina - Charlotte,2013-2015,55464.0,204.0
Philosophy and Religious Studies,University of North Carolina - Charlotte,2013-2015,48487.0,73.0
Physical Sciences,University of North Carolina - Charlotte,2013-2015,65986.0,247.0
Psychology,University of North Carolina - Charlotte,2013-2015,49912.0,682.0
"Homeland Security, Law Enforcement, Firefighting and Related Protective Services",University of North Carolina - Charlotte,2013-2015,56725.0,717.0
Public Administration and Social Service Professions,University of North Carolina - Charlotte,2013-2015,52973.0,105.0
Social Sciences,University of North Carolina - Charlotte,2013-2015,53511.0,970.0
Visual and Performing Arts,University of North Carolina - Charlotte,2013-2015,48281.0,275.0
Health Professions and Related Programs,University of North Carolina - Charlotte,2013-2015,72950.0,882.0
"Business, Management, Marketing, and Related Support Services",University of North Carolina - Charlotte,2013-2015,74457.0,2036.0
History,University of North Carolina - Charlotte,2013-2015,49635.0,308.0
Architecture and Related Services,University of North Carolina - Charlotte,2016-2018,69808.0,120.0
"Area, Ethnic, Cultural, Gender, and Group Studies",University of North Carolina - Charlotte,2016-2018,45557.0,87.0
"Communication, Journalism, and Related Programs",University of North Carolina - Charlotte,2016-2018,59187.0,917.0
Computer and Information Sciences and Support Services,University of North Carolina - Charlotte,2016-2018,94322.0,869.0
Education,University of North Carolina - Charlotte,2016-2018,51322.0,556.0
Engineering,University of North Carolina - Charlotte,2016-2018,88502.0,1052.0
Engineering/Engineering-Related Technologies/Technicians,University of North Carolina - Charlotte,2016-2018,83987.0,319.0
"Foreign Languages, Literatures, and Linguistics",University of North Carolina - Charlotte,2016-2018,54191.0,251.0
English Language and Literature/Letters,University of North Carolina - Charlotte,2016-2018,50091.0,274.0
Biological and Biomedical Sciences,University of North Carolina - Charlotte,2016-2018,55973.0,364.0
Mathematics and Statistics,University of North Carolina - Charlotte,2016-2018,72422.0,284.0
Multi/Interdisciplinary Studies,University of North Carolina - Charlotte,2016-2018,50311.0,105.0
"Parks, Recreation, Leisure, Fitness, and Kinesiology",University of North Carolina - Charlotte,2016-2018,56372.0,355.0
Philosophy and Religious Studies,University of North Carolina - Charlotte,2016-2018,53485.0,92.0
Physical Sciences,University of North Carolina - Charlotte,2016-2018,60187.0,259.0
Psychology,University of North Carolina - Charlotte,2016-2018,50606.0,889.0
"Homeland Security, Law Enforcement, Firefighting and Related Protective Services",University of North Carolina - Charlotte,2016-2018,55965.0,562.0
Public Administration and Social Service Professions,University of North Carolina - Charlotte,2016-2018,53306.0,136.0
Social Sciences,University of North Carolina - Charlotte,2016-2018,55751.0,1019.0
Visual and Performing Arts,University of North Carolina - Charlotte,2016-2018,46777.0,280.0
Health Professions and Related Programs,University of North Carolina - Charlotte,2016-2018,78343.0,1003.0
"Business, Management, Marketing, and Related Support Services",University of North Carolina - Charlotte,2016-2018,77083.0,2509.0
History,University of North Carolina - Charlotte,2016-2018,52135.0,292.0
"Communication, Journalism, and Related Programs",University of North Carolina -Greensboro,2001-2003,50402.0,269.0
Computer and Information Sciences and Support Services,University of North Carolina -Greensboro,2001-2003,68274.0,151.0
Education,University of North Carolina -Greensboro,2001-2003,55395.0,336.0
"Foreign Languages, Literatures, and Linguistics",University of North Carolina -Greensboro,2001-2003,47939.0,62.0
Family and Consumer Sciences/Human Sciences,University of North Carolina -Greensboro,2001-2003,49399.0,310.0
English Language and Literature/Letters,University of North Carolina -Greensboro,2001-2003,48310.0,159.0
"Liberal Arts and Sciences, General Studies and Humanities",University of North Carolina -Greensboro,2001-2003,49855.0,30.0
Biological and Biomedical Sciences,University of North Carolina -Greensboro,2001-2003,56045.0,131.0
"Parks, Recreation, Leisure, Fitness, and Kinesiology",University of North Carolina -Greensboro,2001-2003,54051.0,184.0
Philosophy and Religious Studies,University of North Carolina -Greensboro,2001-2003,56406.0,53.0
Psychology,University of North Carolina -Greensboro,2001-2003,50197.0,160.0
Public Administration and Social Service Professions,University of North Carolina -Greensboro,2001-2003,52093.0,70.0
Social Sciences,University of North Carolina -Greensboro,2001-2003,52425.0,325.0
Visual and Performing Arts,University of North Carolina -Greensboro,2001-2003,43164.0,270.0
Health Professions and Related Programs,University of North Carolina -Greensboro,2001-2003,72663.0,323.0
"Business, Management, Marketing, and Related Support Services",University of North Carolina -Greensboro,2001-2003,61601.0,818.0
History,University of North Carolina -Greensboro,2001-2003,51875.0,87.0
"Area, Ethnic, Cultural, Gender, and Group Studies",University of North Carolina -Greensboro,2004-2006,45751.0,60.0
"Communication, Journalism, and Related Programs",University of North Carolina -Greensboro,2004-2006,47914.0,262.0
Computer and Information Sciences and Support Services,University of North Carolina -Greensboro,2004-2006,72384.0,144.0
Education,University of North Carolina -Greensboro,2004-2006,49799.0,607.0
"Foreign Languages, Literatures, and Linguistics",University of North Carolina -Greensboro,2004-2006,48182.0,68.0
Family and Consumer Sciences/Human Sciences,University of North Carolina -Greensboro,2004-2006,47357.0,269.0
English Language and Literature/Letters,University of North Carolina -Greensboro,2004-2006,47050.0,197.0
Biological and Biomedical Sciences,University of North Carolina -Greensboro,2004-2006,54679.0,141.0
Multi/Interdisciplinary Studies,University of North Carolina -Greensboro,2004-2006,47878.0,37.0
"Parks, Recreation, Leisure, Fitness, and Kinesiology",University of North Carolina -Greensboro,2004-2006,50919.0,235.0
Philosophy and Religious Studies,University of North Carolina -Greensboro,2004-2006,46663.0,40.0
Psychology,University of North Carolina -Greensboro,2004-2006,45669.0,229.0
Public Administration and Social Service Professions,University of North Carolina -Greensboro,2004-2006,55993.0,107.0
Social Sciences,University of North Carolina -Greensboro,2004-2006,49417.0,385.0
Visual and Performing Arts,University of North Carolina -Greensboro,2004-2006,45451.0,359.0
Health Professions and Related Programs,University of North Carolina -Greensboro,2004-2006,71227.0,515.0
"Business, Management, Marketing, and Related Support Services",University of North Carolina -Greensboro,2004-2006,56134.0,801.0
History,University of North Carolina -Greensboro,2004-2006,50849.0,131.0
"Area, Ethnic, Cultural, Gender, and Group Studies",University of North Carolina -Greensboro,2007-2009,39731.0,58.0
"Communication, Journalism, and Related Programs",University of North Carolina -Greensboro,2007-2009,46024.0,316.0
Computer and Information Sciences and Support Services,University of North Carolina -Greensboro,2007-2009,73442.0,132.0
Education,University of North Carolina -Greensboro,2007-2009,46245.0,745.0
"Foreign Languages, Literatures, and Linguistics",University of North Carolina -Greensboro,2007-2009,45946.0,77.0
Family and Consumer Sciences/Human Sciences,University of North Carolina -Greensboro,2007-2009,43827.0,290.0
English Language and Literature/Letters,University of North Carolina -Greensboro,2007-2009,42385.0,216.0
"Liberal Arts and Sciences, General Studies and Humanities",University of North Carolina -Greensboro,2007-2009,49582.0,117.0
Biological and Biomedical Sciences,University of North Carolina -Greensboro,2007-2009,51789.0,225.0
Multi/Interdisciplinary Studies,University of North Carolina -Greensboro,2007-2009,50227.0,70.0
"Parks, Recreation, Leisure, Fitness, and Kinesiology",University of North Carolina -Greensboro,2007-2009,49095.0,307.0
Philosophy and Religious Studies,University of North Carolina -Greensboro,2007-2009,49035.0,42.0
Psychology,University of North Carolina -Greensboro,2007-2009,45588.0,244.0
Public Administration and Social Service Professions,University of North Carolina -Greensboro,2007-2009,49561.0,161.0
Social Sciences,University of North Carolina -Greensboro,2007-2009,44322.0,426.0
Visual and Performing Arts,University of North Carolina -Greensboro,2007-2009,41838.0,454.0
Health Professions and Related Programs,University of North Carolina -Greensboro,2007-2009,66505.0,599.0
"Business, Management, Marketing, and Related Support Services",University of North Carolina -Greensboro,2007-2009,57430.0,978.0
History,University of North Carolina -Greensboro,2007-2009,41202.0,127.0
"Area, Ethnic, Cultural, Gender, and Group Studies",University of North Carolina -Greensboro,2010-2012,43948.0,78.0
"Communication, Journalism, and Related Programs",University of North Carolina -Greensboro,2010-2012,48219.0,436.0
Computer and Information Sciences and Support Services,University of North Carolina -Greensboro,2010-2012,74457.0,155.0
Education,University of North Carolina -Greensboro,2010-2012,50036.0,849.0
"Foreign Languages, Literatures, and Linguistics",University of North Carolina -Greensboro,2010-2012,47966.0,93.0
Family and Consumer Sciences/Human Sciences,University of North Carolina -Greensboro,2010-2012,47086.0,246.0
English Language and Literature/Letters,University of North Carolina -Greensboro,2010-2012,43412.0,258.0
"Liberal Arts and Sciences, General Studies and Humanities",University of North Carolina -Greensboro,2010-2012,48158.0,200.0
Biological and Biomedical Sciences,University of North Carolina -Greensboro,2010-2012,51929.0,266.0
Multi/Interdisciplinary Studies,University of North Carolina -Greensboro,2010-2012,47666.0,75.0
"Parks, Recreation, Leisure, Fitness, and Kinesiology",University of North Carolina -Greensboro,2010-2012,49369.0,309.0
Philosophy and Religious Studies,University of North Carolina -Greensboro,2010-2012,34840.0,44.0
Physical Sciences,University of North Carolina -Greensboro,2010-2012,62224.0,37.0
Psychology,University of North Carolina -Greensboro,2010-2012,43433.0,274.0
Public Administration and Social Service Professions,University of North Carolina -Greensboro,2010-2012,50935.0,180.0
Social Sciences,University of North Carolina -Greensboro,2010-2012,49666.0,525.0
Visual and Performing Arts,University of North Carolina -Greensboro,2010-2012,46261.0,473.0
Health Professions and Related Programs,University of North Carolina -Greensboro,2010-2012,62087.0,726.0
"Business, Management, Marketing, and Related Support Services",University of North Carolina -Greensboro,2010-2012,60496.0,1201.0
History,University of North Carolina -Greensboro,2010-2012,45433.0,150.0
"Area, Ethnic, Cultural, Gender, and Group Studies",University of North Carolina -Greensboro,2013-2015,45751.0,64.0
"Communication, Journalism, and Related Programs",University of North Carolina -Greensboro,2013-2015,49464.0,375.0
Computer and Information Sciences and Support Services,University of North Carolina -Greensboro,2013-2015,83113.0,200.0
Education,University of North Carolina -Greensboro,2013-2015,51066.0,728.0
"Foreign Languages, Literatures, and Linguistics",University of North Carolina -Greensboro,2013-2015,46038.0,134.0
Family and Consumer Sciences/Human Sciences,University of North Carolina -Greensboro,2013-2015,45807.0,333.0
English Language and Literature/Letters,University of North Carolina -Greensboro,2013-2015,42789.0,215.0
"Liberal Arts and Sciences, General Studies and Humanities",University of North Carolina -Greensboro,2013-2015,51496.0,257.0
Biological and Biomedical Sciences,University of North Carolina -Greensboro,2013-2015,56406.0,333.0
Multi/Interdisciplinary Studies,University of North Carolina -Greensboro,2013-2015,53279.0,102.0
"Parks, Recreation, Leisure, Fitness, and Kinesiology",University of North Carolina -Greensboro,2013-2015,49555.0,337.0
Philosophy and Religious Studies,University of North Carolina -Greensboro,2013-2015,46532.0,44.0
Physical Sciences,University of North Carolina -Greensboro,2013-2015,73728.0,34.0
Psychology,University of North Carolina -Greensboro,2013-2015,46346.0,388.0
Public Administration and Social Service Professions,University of North Carolina -Greensboro,2013-2015,52601.0,187.0
Social Sciences,University of North Carolina -Greensboro,2013-2015,51585.0,572.0
Visual and Performing Arts,University of North Carolina -Greensboro,2013-2015,42941.0,491.0
Health Professions and Related Programs,University of North Carolina -Greensboro,2013-2015,64728.0,764.0
"Business, Management, Marketing, and Related Support Services",University of North Carolina -Greensboro,2013-2015,61709.0,1236.0
History,University of North Carolina -Greensboro,2013-2015,48325.0,146.0
"Area, Ethnic, Cultural, Gender, and Group Studies",University of North Carolina -Greensboro,2016-2018,45751.0,64.0
"Communication, Journalism, and Related Programs",University of North Carolina -Greensboro,2016-2018,48365.0,405.0
Computer and Information Sciences and Support Services,University of North Carolina -Greensboro,2016-2018,76243.0,450.0
Education,University of North Carolina -Greensboro,2016-2018,51096.0,458.0
"Foreign Languages, Literatures, and Linguistics",University of North Carolina -Greensboro,2016-2018,48076.0,99.0
Family and Consumer Sciences/Human Sciences,University of North Carolina -Greensboro,2016-2018,48116.0,449.0
English Language and Literature/Letters,University of North Carolina -Greensboro,2016-2018,45127.0,178.0
"Liberal Arts and Sciences, General Studies and Humanities",University of North Carolina -Greensboro,2016-2018,50050.0,275.0
Biological and Biomedical Sciences,University of North Carolina -Greensboro,2016-2018,54453.0,392.0
Mathematics and Statistics,University of North Carolina -Greensboro,2016-2018,65986.0,46.0
Multi/Interdisciplinary Studies,University of North Carolina -Greensboro,2016-2018,52466.0,137.0
"Parks, Recreation, Leisure, Fitness, and Kinesiology",University of North Carolina -Greensboro,2016-2018,49774.0,564.0
Physical Sciences,University of North Carolina -Greensboro,2016-2018,56312.0,50.0
Psychology,University of North Carolina -Greensboro,2016-2018,46577.0,376.0
Public Administration and Social Service Professions,University of North Carolina -Greensboro,2016-2018,52737.0,209.0
Social Sciences,University of North Carolina -Greensboro,2016-2018,48755.0,528.0
Visual and Performing Arts,University of North Carolina -Greensboro,2016-2018,44354.0,473.0
Health Professions and Related Programs,University of North Carolina -Greensboro,2016-2018,75603.0,786.0
"Business, Management, Marketing, and Related Support Services",University of North Carolina -Greensboro,2016-2018,61820.0,1331.0
History,University of North Carolina -Greensboro,2016-2018,43227.0,108.0
Natural Resources and Conservation,Western Carolina University,2001-2003,54051.0,37.0
"Communication, Journalism, and Related Programs",Western Carolina University,2001-2003,51851.0,106.0
Education,Western Carolina University,2001-2003,53743.0,306.0
Engineering/Engineering-Related Technologies/Technicians,Western Carolina University,2001-2003,84259.0,99.0
Family and Consumer Sciences/Human Sciences,Western Carolina University,2001-2003,47460.0,37.0
English Language and Literature/Letters,Western Carolina University,2001-2003,38967.0,43.0
"Parks, Recreation, Leisure, Fitness, and Kinesiology",Western Carolina University,2001-2003,52711.0,120.0
Physical Sciences,Western Carolina University,2001-2003,60837.0,36.0
Psychology,Western Carolina University,2001-2003,54993.0,40.0
"Homeland Security, Law Enforcement, Firefighting and Related Protective Services",Western Carolina University,2001-2003,53520.0,137.0
Public Administration and Social Service Professions,Western Carolina University,2001-2003,52636.0,46.0
Social Sciences,Western Carolina University,2001-2003,53107.0,100.0
Visual and Performing Arts,Western Carolina University,2001-2003,48182.0,86.0
Health Professions and Related Programs,Western Carolina University,2001-2003,67042.0,280.0
"Business, Management, Marketing, and Related Support Services",Western Carolina University,2001-2003,58054.0,493.0
Natural Resources and Conservation,Western Carolina University,2004-2006,49855.0,35.0
"Communication, Journalism, and Related Programs",Western Carolina University,2004-2006,49551.0,147.0
Education,Western Carolina University,2004-2006,48372.0,350.0
Engineering/Engineering-Related Technologies/Technicians,Western Carolina University,2004-2006,67570.0,154.0
English Language and Literature/Letters,Western Carolina University,2004-2006,37361.0,45.0
Biological and Biomedical Sciences,Western Carolina University,2004-2006,47939.0,44.0
"Parks, Recreation, Leisure, Fitness, and Kinesiology",Western Carolina University,2004-2006,46435.0,106.0
Physical Sciences,Western Carolina University,2004-2006,56877.0,38.0
Psychology,Western Carolina University,2004-2006,45961.0,73.0
"Homeland Security, Law Enforcement, Firefighting and Related Protective Services",Western Carolina University,2004-2006,52354.0,204.0
Public Administration and Social Service Professions,Western Carolina University,2004-2006,53397.0,74.0
Social Sciences,Western Carolina University,2004-2006,46777.0,106.0
Visual and Performing Arts,Western Carolina University,2004-2006,41093.0,99.0
Health Professions and Related Programs,Western Carolina University,2004-2006,63769.0,322.0
"Business, Management, Marketing, and Related Support Services",Western Carolina University,2004-2006,53701.0,624.0
History,Western Carolina University,2004-2006,46435.0,35.0
"Communication, Journalism, and Related Programs",Western Carolina University,2007-2009,44644.0,161.0
Education,Western Carolina University,2007-2009,44296.0,532.0
Engineering/Engineering-Related Technologies/Technicians,Western Carolina University,2007-2009,71165.0,309.0
English Language and Literature/Letters,Western Carolina University,2007-2009,37316.0,69.0
Biological and Biomedical Sciences,Western Carolina University,2007-2009,43317.0,77.0
"Parks, Recreation, Leisure, Fitness, and Kinesiology",Western Carolina University,2007-2009,45433.0,134.0
Physical Sciences,Western Carolina University,2007-2009,51223.0,46.0
Psychology,Western Carolina University,2007-2009,45075.0,105.0
"Homeland Security, Law Enforcement, Firefighting and Related Protective Services",Western Carolina University,2007-2009,52495.0,280.0
Public Administration and Social Service Professions,Western Carolina University,2007-2009,52212.0,123.0
Social Sciences,Western Carolina University,2007-2009,45014.0,122.0
Visual and Performing Arts,Western Carolina University,2007-2009,38031.0,151.0
Health Professions and Related Programs,Western Carolina University,2007-2009,63368.0,530.0
"Business, Management, Marketing, and Related Support Services",Western Carolina University,2007-2009,53514.0,595.0
History,Western Carolina University,2007-2009,44276.0,76.0
Natural Resources and Conservation,Western Carolina University,2010-2012,48182.0,52.0
"Communication, Journalism, and Related Programs",Western Carolina University,2010-2012,45014.0,123.0
Education,Western Carolina University,2010-2012,48619.0,602.0
Engineering/Engineering-Related Technologies/Technicians,Western Carolina University,2010-2012,77497.0,293.0
English Language and Literature/Letters,Western Carolina University,2010-2012,38842.0,82.0
Biological and Biomedical Sciences,Western Carolina University,2010-2012,50381.0,80.0
Mathematics and Statistics,Western Carolina University,2010-2012,51223.0,44.0
"Parks, Recreation, Leisure, Fitness, and Kinesiology",Western Carolina University,2010-2012,47289.0,105.0
Physical Sciences,Western Carolina University,2010-2012,54051.0,81.0
Psychology,Western Carolina University,2010-2012,48624.0,117.0
"Homeland Security, Law Enforcement, Firefighting and Related Protective Services",Western Carolina University,2010-2012,52636.0,327.0
Public Administration and Social Service Professions,Western Carolina University,2010-2012,55402.0,160.0
Social Sciences,Western Carolina University,2010-2012,42789.0,181.0
Visual and Performing Arts,Western Carolina University,2010-2012,45953.0,182.0
Health Professions and Related Programs,Western Carolina University,2010-2012,66259.0,697.0
"Business, Management, Marketing, and Related Support Services",Western Carolina University,2010-2012,55783.0,556.0
History,Western Carolina University,2010-2012,48182.0,84.0
Natural Resources and Conservation,Western Carolina University,2013-2015,47191.0,86.0
"Communication, Journalism, and Related Programs",Western Carolina University,2013-2015,47705.0,159.0
Computer and Information Sciences and Support Services,Western Carolina University,2013-2015,86367.0,34.0
Education,Western Carolina University,2013-2015,49855.0,537.0
Engineering/Engineering-Related Technologies/Technicians,Western Carolina University,2013-2015,80666.0,219.0
English Language and Literature/Letters,Western Carolina University,2013-2015,48054.0,102.0
Biological and Biomedical Sciences,Western Carolina University,2013-2015,53647.0,118.0
Mathematics and Statistics,Western Carolina University,2013-2015,51875.0,47.0
"Parks, Recreation, Leisure, Fitness, and Kinesiology",Western Carolina University,2013-2015,45390.0,110.0
Physical Sciences,Western Carolina University,2013-2015,59253.0,82.0
Psychology,Western Carolina University,2013-2015,44006.0,270.0
"Homeland Security, Law Enforcement, Firefighting and Related Protective Services",Western Carolina University,2013-2015,55097.0,374.0
Public Administration and Social Service Professions,Western Carolina University,2013-2015,52920.0,267.0
Social Sciences,Western Carolina University,2013-2015,46967.0,200.0
Visual and Performing Arts,Western Carolina University,2013-2015,45823.0,213.0
Health Professions and Related Programs,Western Carolina University,2013-2015,67042.0,886.0
"Business, Management, Marketing, and Related Support Services",Western Carolina University,2013-2015,58083.0,732.0
History,Western Carolina University,2013-2015,46359.0,102.0
Natural Resources and Conservation,Western Carolina University,2016-2018,47210.0,86.0
"Communication, Journalism, and Related Programs",Western Carolina University,2016-2018,48878.0,142.0
Computer and Information Sciences and Support Services,Western Carolina University,2016-2018,88374.0,48.0
Education,Western Carolina University,2016-2018,49987.0,461.0
Engineering,Western Carolina University,2016-2018,86474.0,61.0
Engineering/Engineering-Related Technologies/Technicians,Western Carolina University,2016-2018,76689.0,287.0
"Foreign Languages, Literatures, and Linguistics",Western Carolina University,2016-2018,49095.0,55.0
English Language and Literature/Letters,Western Carolina University,2016-2018,47631.0,99.0
Biological and Biomedical Sciences,Western Carolina University,2016-2018,49718.0,207.0
Mathematics and Statistics,Western Carolina University,2016-2018,55746.0,40.0
"Parks, Recreation, Leisure, Fitness, and Kinesiology",Western Carolina University,2016-2018,45979.0,165.0
Physical Sciences,Western Carolina University,2016-2018,54548.0,118.0
Psychology,Western Carolina University,2016-2018,46903.0,248.0
"Homeland Security, Law Enforcement, Firefighting and Related Protective Services",Western Carolina University,2016-2018,56352.0,376.0
Public Administration and Social Service Professions,Western Carolina University,2016-2018,54881.0,242.0
Social Sciences,Western Carolina University,2016-2018,46207.0,232.0
Visual and Performing Arts,Western Carolina University,2016-2018,45819.0,217.0
Health Professions and Related Programs,Western Carolina University,2016-2018,70164.0,971.0
"Business, Management, Marketing, and Related Support Services",Western Carolina University,2016-2018,60059.0,1126.0
History,Western Carolina University,2016-2018,47479.0,80.0
Natural Resources and Conservation,University of North Carolina at Wilmington (The),2001-2003,53848.0,127.0
"Communication, Journalism, and Related Programs",University of North Carolina at Wilmington (The),2001-2003,54356.0,317.0
Computer and Information Sciences and Support Services,University of North Carolina at Wilmington (The),2001-2003,75771.0,93.0
Education,University of North Carolina at Wilmington (The),2001-2003,55046.0,445.0
"Foreign Languages, Literatures, and Linguistics",University of North Carolina at Wilmington (The),2001-2003,56877.0,52.0
English Language and Literature/Letters,University of North Carolina at Wilmington (The),2001-2003,47205.0,185.0
Biological and Biomedical Sciences,University of North Carolina at Wilmington (The),2001-2003,52593.0,274.0
"Parks, Recreation, Leisure, Fitness, and Kinesiology",University of North Carolina at Wilmington (The),2001-2003,50381.0,148.0
Philosophy and Religious Studies,University of North Carolina at Wilmington (The),2001-2003,48487.0,33.0
Physical Sciences,University of North Carolina at Wilmington (The),2001-2003,68249.0,78.0
Psychology,University of North Carolina at Wilmington (The),2001-2003,52251.0,284.0
"Homeland Security, Law Enforcement, Firefighting and Related Protective Services",University of North Carolina at Wilmington (The),2001-2003,53377.0,146.0
Public Administration and Social Service Professions,University of North Carolina at Wilmington (The),2001-2003,48943.0,78.0
Social Sciences,University of North Carolina at Wilmington (The),2001-2003,52055.0,177.0
Visual and Performing Arts,University of North Carolina at Wilmington (The),2001-2003,41695.0,107.0
Health Professions and Related Programs,University of North Carolina at Wilmington (The),2001-2003,71649.0,156.0
"Business, Management, Marketing, and Related Support Services",University of North Carolina at Wilmington (The),2001-2003,64877.0,1029.0
History,University of North Carolina at Wilmington (The),2001-2003,51223.0,82.0
Natural Resources and Conservation,University of North Carolina at Wilmington (The),2004-2006,49073.0,105.0
"Communication, Journalism, and Related Programs",University of North Carolina at Wilmington (The),2004-2006,51896.0,340.0
Computer and Information Sciences and Support Services,University of North Carolina at Wilmington (The),2004-2006,79032.0,80.0
Education,University of North Carolina at Wilmington (The),2004-2006,49155.0,596.0
"Foreign Languages, Literatures, and Linguistics",University of North Carolina at Wilmington (The),2004-2006,56029.0,81.0
English Language and Literature/Letters,University of North Carolina at Wilmington (The),2004-2006,45751.0,278.0
Biological and Biomedical Sciences,University of North Carolina at Wilmington (The),2004-2006,50650.0,319.0
Mathematics and Statistics,University of North Carolina at Wilmington (The),2004-2006,66779.0,45.0
"Parks, Recreation, Leisure, Fitness, and Kinesiology",University of North Carolina at Wilmington (The),2004-2006,49997.0,185.0
Philosophy and Religious Studies,University of North Carolina at Wilmington (The),2004-2006,53343.0,43.0
Physical Sciences,University of North Carolina at Wilmington (The),2004-2006,62985.0,123.0
Psychology,University of North Carolina at Wilmington (The),2004-2006,47614.0,340.0
"Homeland Security, Law Enforcement, Firefighting and Related Protective Services",University of North Carolina at Wilmington (The),2004-2006,49104.0,210.0
Public Administration and Social Service Professions,University of North Carolina at Wilmington (The),2004-2006,52636.0,93.0
Social Sciences,University of North Carolina at Wilmington (The),2004-2006,50083.0,249.0
Visual and Performing Arts,University of North Carolina at Wilmington (The),2004-2006,42576.0,235.0
Health Professions and Related Programs,University of North Carolina at Wilmington (The),2004-2006,66418.0,217.0
"Business, Management, Marketing, and Related Support Services",University of North Carolina at Wilmington (The),2004-2006,62054.0,1310.0
History,University of North Carolina at Wilmington (The),2004-2006,46663.0,99.0
Natural Resources and Conservation,University of North Carolina at Wilmington (The),2007-2009,46728.0,103.0
"Communication, Journalism, and Related Programs",University of North Carolina at Wilmington (The),2007-2009,50001.0,409.0
Computer and Information Sciences and Support Services,University of North Carolina at Wilmington (The),2007-2009,83137.0,49.0
Education,University of North Carolina at Wilmington (The),2007-2009,45203.0,656.0
"Foreign Languages, Literatures, and Linguistics",University of North Carolina at Wilmington (The),2007-2009,51694.0,97.0
English Language and Literature/Letters,University of North Carolina at Wilmington (The),2007-2009,41563.0,250.0
Biological and Biomedical Sciences,University of North Carolina at Wilmington (The),2007-2009,50129.0,334.0
Mathematics and Statistics,University of North Carolina at Wilmington (The),2007-2009,54993.0,38.0
"Parks, Recreation, Leisure, Fitness, and Kinesiology",University of North Carolina at Wilmington (The),2007-2009,48130.0,202.0
Philosophy and Religious Studies,University of North Carolina at Wilmington (The),2007-2009,43047.0,48.0
Physical Sciences,University of North Carolina at Wilmington (The),2007-2009,59564.0,143.0
Psychology,University of North Carolina at Wilmington (The),2007-2009,46279.0,405.0
"Homeland Security, Law Enforcement, Firefighting and Related Protective Services",University of North Carolina at Wilmington (The),2007-2009,50083.0,190.0
Public Administration and Social Service Professions,University of North Carolina at Wilmington (The),2007-2009,52232.0,89.0
Social Sciences,University of North Carolina at Wilmington (The),2007-2009,48943.0,277.0
Visual and Performing Arts,University of North Carolina at Wilmington (The),2007-2009,42208.0,280.0
Health Professions and Related Programs,University of North Carolina at Wilmington (The),2007-2009,65568.0,370.0
"Business, Management, Marketing, and Related Support Services",University of North Carolina at Wilmington (The),2007-2009,62169.0,1388.0
History,University of North Carolina at Wilmington (The),2007-2009,45466.0,116.0
Natural Resources and Conservation,University of North Carolina at Wilmington (The),2010-2012,50579.0,160.0
"Communication, Journalism, and Related Programs",University of North Carolina at Wilmington (The),2010-2012,57672.0,489.0
Computer and Information Sciences and Support Services,University of North Carolina at Wilmington (The),2010-2012,91221.0,74.0
Education,University of North Carolina at Wilmington (The),2010-2012,49836.0,633.0
"Foreign Languages, Literatures, and Linguistics",University of North Carolina at Wilmington (The),2010-2012,55261.0,122.0
English Language and Literature/Letters,University of North Carolina at Wilmington (The),2010-2012,47505.0,319.0
Biological and Biomedical Sciences,University of North Carolina at Wilmington (The),2010-2012,51584.0,454.0
Mathematics and Statistics,University of North Carolina at Wilmington (The),2010-2012,76644.0,55.0
"Parks, Recreation, Leisure, Fitness, and Kinesiology",University of North Carolina at Wilmington (The),2010-2012,52989.0,278.0
Philosophy and Religious Studies,University of North Carolina at Wilmington (The),2010-2012,50767.0,53.0
Physical Sciences,University of North Carolina at Wilmington (The),2010-2012,59073.0,177.0
Psychology,University of North Carolina at Wilmington (The),2010-2012,53852.0,515.0
Public Administration and Social Service Professions,University of North Carolina at Wilmington (The),2010-2012,50441.0,132.0
Social Sciences,University of North Carolina at Wilmington (The),2010-2012,53536.0,547.0
Visual and Performing Arts,University of North Carolina at Wilmington (The),2010-2012,45751.0,296.0
Health Professions and Related Programs,University of North Carolina at Wilmington (The),2010-2012,69039.0,508.0
"Business, Management, Marketing, and Related Support Services",University of North Carolina at Wilmington (The),2010-2012,70808.0,1384.0
History,University of North Carolina at Wilmington (The),2010-2012,50348.0,124.0
Natural Resources and Conservation,University of North Carolina at Wilmington (The),2013-2015,52731.0,202.0
"Communication, Journalism, and Related Programs",University of North Carolina at Wilmington (The),2013-2015,57095.0,449.0
Computer and Information Sciences and Support Services,University of North Carolina at Wilmington (The),2013-2015,96105.0,146.0
Education,University of North Carolina at Wilmington (The),2013-2015,51165.0,602.0
"Foreign Languages, Literatures, and Linguistics",University of North Carolina at Wilmington (The),2013-2015,53296.0,107.0
English Language and Literature/Letters,University of North Carolina at Wilmington (The),2013-2015,50872.0,339.0
Biological and Biomedical Sciences,University of North Carolina at Wilmington (The),2013-2015,52546.0,508.0
Mathematics and Statistics,University of North Carolina at Wilmington (The),2013-2015,77430.0,83.0
Multi/Interdisciplinary Studies,University of North Carolina at Wilmington (The),2013-2015,53107.0,86.0
"Parks, Recreation, Leisure, Fitness, and Kinesiology",University of North Carolina at Wilmington (The),2013-2015,53452.0,355.0
Philosophy and Religious Studies,University of North Carolina at Wilmington (The),2013-2015,44849.0,46.0
Physical Sciences,University of North Carolina at Wilmington (The),2013-2015,58427.0,190.0
Psychology,University of North Carolina at Wilmington (The),2013-2015,51682.0,523.0
Public Administration and Social Service Professions,University of North Carolina at Wilmington (The),2013-2015,51562.0,185.0
Social Sciences,University of North Carolina at Wilmington (The),2013-2015,55646.0,597.0
Visual and Performing Arts,University of North Carolina at Wilmington (The),2013-2015,47788.0,345.0
Health Professions and Related Programs,University of North Carolina at Wilmington (The),2013-2015,72710.0,807.0
"Business, Management, Marketing, and Related Support Services",University of North Carolina at Wilmington (The),2013-2015,77382.0,1410.0
History,University of North Carolina at Wilmington (The),2013-2015,52920.0,112.0
Natural Resources and Conservation,University of North Carolina at Wilmington (The),2016-2018,51994.0,240.0
"Communication, Journalism, and Related Programs",University of North Carolina at Wilmington (The),2016-2018,57917.0,435.0
Computer and Information Sciences and Support Services,University of North Carolina at Wilmington (The),2016-2018,90406.0,267.0
Education,University of North Carolina at Wilmington (The),2016-2018,51975.0,425.0
"Foreign Languages, Literatures, and Linguistics",University of North Carolina at Wilmington (The),2016-2018,55665.0,120.0
English Language and Literature/Letters,University of North Carolina at Wilmington (The),2016-2018,49731.0,252.0
Biological and Biomedical Sciences,University of North Carolina at Wilmington (The),2016-2018,55028.0,606.0
Mathematics and Statistics,University of North Carolina at Wilmington (The),2016-2018,82048.0,144.0
Multi/Interdisciplinary Studies,University of North Carolina at Wilmington (The),2016-2018,60342.0,138.0
"Parks, Recreation, Leisure, Fitness, and Kinesiology",University of North Carolina at Wilmington (The),2016-2018,54718.0,428.0
Philosophy and Religious Studies,University of North Carolina at Wilmington (The),2016-2018,54993.0,60.0
Physical Sciences,University of North Carolina at Wilmington (The),2016-2018,61476.0,222.0
Psychology,University of North Carolina at Wilmington (The),2016-2018,50845.0,526.0
Public Administration and Social Service Professions,University of North Carolina at Wilmington (The),2016-2018,50493.0,178.0
Social Sciences,University of North Carolina at Wilmington (The),2016-2018,53303.0,607.0
Visual and Performing Arts,University of North Carolina at Wilmington (The),2016-2018,43047.0,367.0
Health Professions and Related Programs,University of North Carolina at Wilmington (The),2016-2018,81838.0,1979.0
"Business, Management, Marketing, and Related Support Services",University of North Carolina at Wilmington (The),2016-2018,77991.0,1701.0
History,University of North Carolina at Wilmington (The),2016-2018,50245.0,91.0
"Communication, Journalism, and Related Programs",Winston-Salem State University,2001-2003,41424.0,46.0
Computer and Information Sciences and Support Services,Winston-Salem State University,2001-2003,56069.0,80.0
Education,Winston-Salem State University,2001-2003,61036.0,56.0
"Liberal Arts and Sciences, General Studies and Humanities",Winston-Salem State University,2001-2003,52165.0,41.0
Biological and Biomedical Sciences,Winston-Salem State University,2001-2003,50227.0,50.0
"Parks, Recreation, Leisure, Fitness, and Kinesiology",Winston-Salem State University,2001-2003,47574.0,50.0
Psychology,Winston-Salem State University,2001-2003,47990.0,47.0
Social Sciences,Winston-Salem State University,2001-2003,51929.0,87.0
Health Professions and Related Programs,Winston-Salem State University,2001-2003,84290.0,416.0
"Business, Management, Marketing, and Related Support Services",Winston-Salem State University,2001-2003,48761.0,99.0
"Communication, Journalism, and Related Programs",Winston-Salem State University,2004-2006,41244.0,50.0
Computer and Information Sciences and Support Services,Winston-Salem State University,2004-2006,65986.0,90.0
Education,Winston-Salem State University,2004-2006,49935.0,66.0
"Liberal Arts and Sciences, General Studies and Humanities",Winston-Salem State University,2004-2006,50441.0,50.0
Biological and Biomedical Sciences,Winston-Salem State University,2004-2006,50676.0,47.0
"Parks, Recreation, Leisure, Fitness, and Kinesiology",Winston-Salem State University,2004-2006,44549.0,64.0
Psychology,Winston-Salem State University,2004-2006,45979.0,65.0
Social Sciences,Winston-Salem State University,2004-2006,47224.0,93.0
Health Professions and Related Programs,Winston-Salem State University,2004-2006,80077.0,760.0
"Business, Management, Marketing, and Related Support Services",Winston-Salem State University,2004-2006,48487.0,133.0
"Communication, Journalism, and Related Programs",Winston-Salem State University,2007-2009,46093.0,47.0
Computer and Information Sciences and Support Services,Winston-Salem State University,2007-2009,61332.0,77.0
Education,Winston-Salem State University,2007-2009,45643.0,123.0
"Liberal Arts and Sciences, General Studies and Humanities",Winston-Salem State University,2007-2009,46803.0,123.0
Biological and Biomedical Sciences,Winston-Salem State University,2007-2009,56877.0,40.0
"Parks, Recreation, Leisure, Fitness, and Kinesiology",Winston-Salem State University,2007-2009,43047.0,90.0
Psychology,Winston-Salem State University,2007-2009,43047.0,90.0
Social Sciences,Winston-Salem State University,2007-2009,45751.0,182.0
Health Professions and Related Programs,Winston-Salem State University,2007-2009,78379.0,1241.0
"Business, Management, Marketing, and Related Support Services",Winston-Salem State University,2007-2009,52165.0,241.0
"Communication, Journalism, and Related Programs",Winston-Salem State University,2010-2012,44849.0,56.0
Computer and Information Sciences and Support Services,Winston-Salem State University,2010-2012,61827.0,87.0
Education,Winston-Salem State University,2010-2012,50849.0,172.0
"Liberal Arts and Sciences, General Studies and Humanities",Winston-Salem State University,2010-2012,46359.0,190.0
Biological and Biomedical Sciences,Winston-Salem State University,2010-2012,51223.0,50.0
"Parks, Recreation, Leisure, Fitness, and Kinesiology",Winston-Salem State University,2010-2012,46264.0,151.0
Physical Sciences,Winston-Salem State University,2010-2012,63874.0,31.0
Psychology,Winston-Salem State University,2010-2012,43566.0,187.0
"Homeland Security, Law Enforcement, Firefighting and Related Protective Services",Winston-Salem State University,2010-2012,45075.0,67.0
Public Administration and Social Service Professions,Winston-Salem State University,2010-2012,47878.0,49.0
Social Sciences,Winston-Salem State University,2010-2012,44186.0,163.0
Visual and Performing Arts,Winston-Salem State University,2010-2012,30647.0,34.0
Health Professions and Related Programs,Winston-Salem State University,2010-2012,80995.0,1576.0
"Business, Management, Marketing, and Related Support Services",Winston-Salem State University,2010-2012,48970.0,258.0
"Communication, Journalism, and Related Programs",Winston-Salem State University,2013-2015,45210.0,77.0
Computer and Information Sciences and Support Services,Winston-Salem State University,2013-2015,64930.0,82.0
Education,Winston-Salem State University,2013-2015,52304.0,149.0
"Liberal Arts and Sciences, General Studies and Humanities",Winston-Salem State University,2013-2015,46066.0,201.0
Biological and Biomedical Sciences,Winston-Salem State University,2013-2015,56069.0,54.0
Multi/Interdisciplinary Studies,Winston-Salem State University,2013-2015,40342.0,36.0
"Parks, Recreation, Leisure, Fitness, and Kinesiology",Winston-Salem State University,2013-2015,47835.0,148.0
Psychology,Winston-Salem State University,2013-2015,43588.0,160.0
"Homeland Security, Law Enforcement, Firefighting and Related Protective Services",Winston-Salem State University,2013-2015,42555.0,69.0
Public Administration and Social Service Professions,Winston-Salem State University,2013-2015,47802.0,43.0
Social Sciences,Winston-Salem State University,2013-2015,45171.0,109.0
Visual and Performing Arts,Winston-Salem State University,2013-2015,38967.0,38.0
Health Professions and Related Programs,Winston-Salem State University,2013-2015,81015.0,1948.0
"Business, Management, Marketing, and Related Support Services",Winston-Salem State University,2013-2015,50701.0,218.0
"Communication, Journalism, and Related Programs",Winston-Salem State University,2016-2018,44276.0,64.0
Computer and Information Sciences and Support Services,Winston-Salem State University,2016-2018,70012.0,71.0
Education,Winston-Salem State University,2016-2018,46717.0,96.0
"Liberal Arts and Sciences, General Studies and Humanities",Winston-Salem State University,2016-2018,42371.0,150.0
Biological and Biomedical Sciences,Winston-Salem State University,2016-2018,51223.0,84.0
"Parks, Recreation, Leisure, Fitness, and Kinesiology",Winston-Salem State University,2016-2018,44919.0,172.0
Psychology,Winston-Salem State University,2016-2018,47119.0,109.0
"Homeland Security, Law Enforcement, Firefighting and Related Protective Services",Winston-Salem State University,2016-2018,51627.0,90.0
Public Administration and Social Service Professions,Winston-Salem State University,2016-2018,50129.0,64.0
Social Sciences,Winston-Salem State University,2016-2018,45751.0,64.0
Health Professions and Related Programs,Winston-Salem State University,2016-2018,79008.0,1466.0
"Business, Management, Marketing, and Related Support Services",Winston-Salem State University,2016-2018,54522.0,172.0
Visual and Performing Arts,University of North Carolina School of the Arts,2001-2003,46803.0,159.0
Visual and Performing Arts,University of North Carolina School of the Arts,2004-2006,49935.0,194.0
Visual and Performing Arts,University of North Carolina School of the Arts,2007-2009,46746.0,256.0
Visual and Performing Arts,University of North Carolina School of the Arts,2010-2012,51365.0,275.0
Visual and Performing Arts,University of North Carolina School of the Arts,2013-2015,51647.0,319.0
Visual and Performing Arts,University of North Carolina School of the Arts,2016-2018,48878.0,382.0
